limite superior;tiempo clave user_name linear_probing;tiempo clave user_id linear_probing;tiempo clave user_name quadratic;tiempo clave user_id quadratic;tiempo clave user_name double;tiempo clave user_id double;tiempo clave user_name abierto;tiempo clave user_id abierto;tiempo clave user_name stl;tiempo clave user_id stl
1000;0.00743319;0.00299335;0.0107382;0.00251224;0.00268578;0.00185599;0.00379714;0.00278141;0.00190555;0.0017955
5000;0.0120922;0.0086002;0.0186576;0.00879368;0.0114958;0.00861568;0.0161343;0.0121298;0.00932661;0.00895151
10000;0.0254933;0.0180546;0.0295317;0.0172022;0.0231928;0.0178668;0.0326296;0.0246452;0.0185911;0.0179088
15000;0.0394882;0.0279874;0.0430052;0.0284287;0.0365382;0.0268129;0.040787;0.0319429;0.0281433;0.0269708
20000;0.0488794;0.0351074;0.05274;0.0346751;0.0455028;0.036653;0.0655954;0.0493966;0.0376321;0.0360879
1000;0.00266814;0.00183888;0.00891872;0.00182649;0.00242078;0.00181645;0.00366716;0.00271669;0.00188963;0.00181878
5000;0.0121773;0.00859529;0.0177333;0.00863217;0.011409;0.00860889;0.0167783;0.0122964;0.00924762;0.00895597
10000;0.0248136;0.0175123;0.0298879;0.0174191;0.0226427;0.0177626;0.0323158;0.024224;0.0187288;0.0180551
15000;0.0405004;0.0302105;0.0481513;0.0305572;0.0388223;0.028085;0.0442013;0.0343017;0.0298896;0.0285285
20000;0.0531014;0.0360593;0.0552635;0.0367212;0.0486783;0.0350583;0.0795601;0.0604806;0.0441317;0.0428224
1000;0.00412624;0.00251256;0.00994129;0.00214457;0.00288173;0.00209982;0.00415753;0.00300331;0.00215353;0.00201807
5000;0.0141121;0.0102393;0.0195147;0.0095418;0.0127208;0.00951543;0.0179452;0.0131761;0.00998889;0.00976554
10000;0.0258077;0.019016;0.0316562;0.0189349;0.0256834;0.0207082;0.0377476;0.0284791;0.021671;0.0208168
15000;0.0472859;0.032857;0.0504706;0.0305352;0.0381217;0.0274709;0.0415983;0.0323456;0.0289453;0.0278425
20000;0.0506849;0.0366564;0.0565428;0.0362664;0.0474201;0.03545;0.0686644;0.0508524;0.0367372;0.0361669
1000;0.0025819;0.00183162;0.00909705;0.00183542;0.00242928;0.00184462;0.00370932;0.00273434;0.00193311;0.0018569
5000;0.0123621;0.00897005;0.018244;0.00868159;0.0115043;0.00872331;0.0173216;0.0122172;0.00948901;0.00909506
10000;0.0252572;0.0174017;0.0290935;0.0175333;0.0231634;0.017995;0.0327625;0.0240617;0.0183497;0.0176838
15000;0.0397894;0.028095;0.0437689;0.0304685;0.0367045;0.0270057;0.0410684;0.0317367;0.0281537;0.0270193
20000;0.0483617;0.035039;0.0553363;0.0353515;0.0458016;0.0344185;0.0657907;0.0500864;0.0366856;0.0356099
1000;0.00262484;0.00189646;0.00933066;0.00189058;0.00246687;0.0018572;0.00371317;0.00274813;0.00189011;0.00178418
5000;0.012062;0.00882304;0.0177911;0.00859229;0.0116557;0.00873235;0.01694;0.0124765;0.00942998;0.00906751
10000;0.0247731;0.0179281;0.0296182;0.0175288;0.0226881;0.018308;0.0333648;0.0241085;0.0185334;0.017863
15000;0.0401541;0.0282419;0.0443534;0.03005;0.0369263;0.027078;0.0405579;0.0319798;0.0282329;0.0271935
20000;0.0494074;0.0352722;0.0554559;0.0342423;0.0453647;0.0350754;0.0660496;0.0499653;0.0376021;0.0362291
1000;0.0025763;0.0018552;0.00871737;0.00183157;0.00240106;0.00182373;0.00371491;0.00271122;0.00189461;0.00182642
5000;0.0121262;0.0087285;0.0184803;0.00880745;0.0114733;0.00874346;0.0171026;0.0125799;0.00945261;0.00907809
10000;0.0246343;0.0177415;0.0291894;0.0174721;0.0231178;0.0183629;0.0333866;0.0247537;0.018537;0.0177814
15000;0.0404;0.0285672;0.0445005;0.0297777;0.0372877;0.0273155;0.0410245;0.0320035;0.0287434;0.0274613
20000;0.0490989;0.0349063;0.054327;0.0348943;0.0454365;0.0353056;0.0662563;0.0503572;0.0367485;0.0352583
1000;0.00288953;0.00193233;0.00911811;0.00190085;0.0025067;0.00184634;0.00374022;0.00275243;0.00190158;0.00182718
5000;0.0121557;0.00867614;0.0178168;0.00873613;0.0114576;0.00872796;0.0167307;0.0124068;0.0093117;0.00900573
10000;0.024628;0.0175293;0.0297182;0.0173684;0.0228753;0.0180582;0.0328318;0.0239777;0.0185693;0.0178056
15000;0.0400943;0.0281099;0.0433707;0.0296208;0.0371352;0.0272137;0.0409497;0.0318821;0.0280997;0.0271407
20000;0.0488762;0.035123;0.0559944;0.035607;0.0461647;0.0350742;0.0656046;0.0500046;0.0378678;0.0361715
1000;0.00274172;0.00190299;0.00873025;0.00191843;0.00245359;0.00181178;0.00383882;0.00271884;0.00187024;0.00181118
5000;0.012185;0.00879131;0.0180615;0.0087111;0.011558;0.00875789;0.0169454;0.0125871;0.00939268;0.0089923
10000;0.0242925;0.0177708;0.0289288;0.017427;0.0226322;0.018026;0.0334459;0.0241092;0.0183195;0.0175905
15000;0.0404951;0.0284204;0.0441807;0.0285909;0.0371352;0.0267743;0.0412261;0.0316318;0.028068;0.0268803
20000;0.0496003;0.0353923;0.0550319;0.0355422;0.045807;0.0348923;0.0659347;0.0505198;0.0380189;0.0361154
1000;0.00265179;0.00190094;0.00874696;0.00185123;0.00248185;0.00185001;0.00376679;0.0027604;0.00186192;0.00182064
5000;0.0120579;0.00867613;0.0181055;0.00873814;0.011379;0.00873105;0.0167515;0.0123093;0.00936315;0.00899393
10000;0.0243006;0.0175247;0.0295594;0.0171977;0.023196;0.0180942;0.0331529;0.0241433;0.0182913;0.0176307
15000;0.040301;0.0280162;0.0434323;0.0290315;0.0368576;0.0269004;0.0407414;0.0319942;0.0282937;0.0271466
20000;0.0497505;0.0347101;0.0558694;0.0352818;0.0455132;0.0341873;0.0658417;0.0502464;0.0369809;0.0354247
1000;0.00313945;0.00207582;0.00915798;0.00184022;0.0024216;0.00186952;0.00372883;0.00278148;0.00191538;0.00185653
5000;0.0122199;0.00875919;0.0178271;0.0087294;0.0114555;0.00874281;0.0168951;0.0122713;0.00925488;0.00890471
10000;0.024896;0.0181584;0.0294346;0.017449;0.022685;0.0180025;0.032997;0.024452;0.0187707;0.0181211
15000;0.0396446;0.0281183;0.0437089;0.0295204;0.0367705;0.0274145;0.041763;0.031845;0.028093;0.0268558
20000;0.0497368;0.0354572;0.0592019;0.0354788;0.0461353;0.0347621;0.0659206;0.0503704;0.0369818;0.0352953
1000;0.00279117;0.001882;0.00873377;0.00188255;0.00244248;0.0018319;0.00378854;0.0027216;0.00187709;0.00179496
5000;0.012229;0.00882612;0.0179217;0.00871201;0.011385;0.00886054;0.0166583;0.0122452;0.00926137;0.00897209
10000;0.0238166;0.017609;0.029339;0.0173237;0.0226124;0.0180557;0.0331773;0.0243006;0.0183552;0.0176545
15000;0.0396754;0.0283075;0.0443766;0.0292079;0.0377571;0.0275293;0.0411776;0.0315439;0.0285529;0.0273221
20000;0.0495715;0.0346181;0.0542426;0.0360933;0.04537;0.0350301;0.0660644;0.0502882;0.0369131;0.035609
1000;0.00269676;0.00188318;0.00868249;0.00184996;0.00245712;0.00181894;0.00370349;0.0026994;0.00192772;0.0018338
5000;0.0121345;0.0086909;0.0177375;0.00873093;0.0116758;0.00867377;0.0168379;0.0126541;0.00929289;0.00895331
10000;0.0245606;0.0178501;0.0294914;0.0173235;0.0227477;0.0181911;0.0328497;0.024589;0.0186192;0.0177476
15000;0.0416672;0.0283725;0.0438179;0.0299712;0.0379452;0.0276257;0.0410044;0.0318299;0.0286361;0.0272774
20000;0.0498764;0.0351587;0.0556637;0.0358495;0.0463553;0.0349714;0.0660149;0.0499302;0.0374375;0.0355515
1000;0.00282242;0.00189164;0.0088821;0.00190357;0.00249011;0.00181518;0.00372093;0.00273535;0.00188149;0.00178442
5000;0.0121198;0.00868669;0.0179063;0.00876336;0.0114212;0.00888303;0.0170686;0.0126611;0.00935486;0.00899366
10000;0.0246878;0.0176702;0.0291816;0.0173803;0.0227264;0.0179086;0.0333184;0.0243589;0.0181409;0.0176662
15000;0.0398278;0.0282626;0.0446693;0.0294945;0.0372003;0.0268814;0.0406175;0.0322221;0.0284482;0.0273907
20000;0.0491783;0.0354243;0.0549111;0.0360269;0.0454419;0.034914;0.0663145;0.0501144;0.0379467;0.0362862
1000;0.00281513;0.00185231;0.00880703;0.00189051;0.00242969;0.00182168;0.00370938;0.00273153;0.00187252;0.0018029
5000;0.0120054;0.00878761;0.0179887;0.00884197;0.0114624;0.00886997;0.01682;0.01242;0.00926731;0.00888503
10000;0.024406;0.0176439;0.0294003;0.0176196;0.0225673;0.0178108;0.0329724;0.0243765;0.0181262;0.0176378
15000;0.0399319;0.0287255;0.0436957;0.0296462;0.0373655;0.027236;0.0405761;0.0322928;0.0286023;0.0272045
20000;0.050265;0.0356351;0.0547086;0.035234;0.0457108;0.0345788;0.0659707;0.0499171;0.0369076;0.0353951
1000;0.00281349;0.00193155;0.00896337;0.00192447;0.00240771;0.00183147;0.00369098;0.00274358;0.00194688;0.00182985
5000;0.0119195;0.00869501;0.0182694;0.008705;0.0113706;0.0086955;0.0168177;0.0125236;0.00941478;0.00897604
10000;0.024639;0.0176447;0.0295652;0.0173012;0.0230643;0.0178243;0.0331196;0.0245526;0.0182291;0.0177106
15000;0.0402536;0.0283585;0.0436587;0.0298152;0.0367685;0.0269873;0.0409794;0.0315112;0.028152;0.0268928
20000;0.0487704;0.0350604;0.0546882;0.0350063;0.0452946;0.0346662;0.0654994;0.0495623;0.0372168;0.0356148
1000;0.00269525;0.00185243;0.00875573;0.00183618;0.00243166;0.00185633;0.00375373;0.00276053;0.00185158;0.00181733
5000;0.0122875;0.00875774;0.0182648;0.00886256;0.0116694;0.00876002;0.0169389;0.0124568;0.00929171;0.00895058
10000;0.0247021;0.017668;0.0291914;0.017442;0.0224328;0.0178407;0.0327202;0.0241851;0.0182401;0.0178258
15000;0.0403081;0.028379;0.0445655;0.0298603;0.0374665;0.0269801;0.0404913;0.0317627;0.028348;0.0271642
20000;0.0490941;0.0352937;0.0548367;0.0360199;0.0460768;0.0353442;0.0658548;0.0497748;0.0379932;0.0359713
1000;0.00341825;0.00221315;0.00883748;0.00191122;0.00258878;0.00183872;0.00370581;0.00271002;0.0019194;0.00179288
5000;0.0126991;0.00886192;0.0178473;0.00892964;0.0117665;0.00876013;0.0164984;0.0123775;0.00930807;0.00892295
10000;0.0241641;0.0177351;0.0293324;0.0174128;0.0226507;0.0177603;0.0325302;0.0243178;0.0182743;0.0176572
15000;0.0402654;0.0287939;0.0443162;0.0305922;0.0367955;0.0277209;0.0413319;0.0319197;0.0285481;0.0271196
20000;0.0489403;0.0351424;0.0543307;0.0351073;0.0456381;0.0344068;0.0662398;0.0503062;0.037082;0.0352296
1000;0.0026501;0.00187687;0.00872111;0.001839;0.00242459;0.00183302;0.00369956;0.00274477;0.00187005;0.00181376
5000;0.0124193;0.00868972;0.0178115;0.00865883;0.0115971;0.0087239;0.0170524;0.012704;0.00940632;0.00892923
10000;0.0243213;0.0175548;0.0295653;0.0172829;0.0225644;0.0182869;0.0330603;0.0243402;0.0181892;0.0175033
15000;0.0401852;0.0278549;0.0432801;0.0299831;0.0370348;0.0273575;0.0406571;0.031861;0.0286389;0.0272923
20000;0.0492961;0.0349341;0.0546973;0.035749;0.0460546;0.0344503;0.0656603;0.0501365;0.0370746;0.0356288
1000;0.00257797;0.0018675;0.00867454;0.00182437;0.0024163;0.00184254;0.00373996;0.00270867;0.00188012;0.00182253
5000;0.0123428;0.00879347;0.0180629;0.00882327;0.0115768;0.0086523;0.0172187;0.0126249;0.00925654;0.00889838
10000;0.0239928;0.0174887;0.0290705;0.0172973;0.0226772;0.0181844;0.0331367;0.0246195;0.0184381;0.0176171
15000;0.0394411;0.0280546;0.0436103;0.029051;0.0365706;0.0270292;0.0411544;0.0320753;0.0281537;0.0269831
20000;0.0488597;0.0350266;0.0553807;0.0354637;0.0457345;0.0347648;0.0666433;0.0506506;0.0367877;0.0355226
1000;0.00271616;0.00203145;0.00911544;0.00190117;0.00242461;0.00188837;0.00370239;0.00272642;0.0019127;0.00187487
5000;0.0119572;0.00877978;0.0182062;0.00869057;0.0115524;0.00869319;0.0171931;0.0124989;0.00926919;0.00901692
10000;0.0245615;0.0178;0.0296519;0.0174443;0.0226385;0.0180235;0.0327173;0.0244246;0.0182403;0.0175937
15000;0.0396411;0.0284281;0.0435107;0.0293865;0.0370788;0.0272629;0.04166;0.0320815;0.0279656;0.0267503
20000;0.0487828;0.035226;0.0548643;0.0354389;0.0463417;0.0347724;0.0657254;0.0502766;0.0372721;0.0356396
1000;0.00277596;0.00188839;0.00875232;0.00188253;0.00244173;0.00183054;0.00371784;0.00275287;0.00187294;0.00179911
5000;0.0121815;0.00873086;0.0179298;0.00876126;0.0113888;0.00866075;0.0170304;0.0126351;0.00925693;0.00891663
10000;0.0247628;0.0176334;0.0293029;0.0175135;0.0228445;0.0181772;0.0328327;0.0244492;0.0188006;0.018085
15000;0.0407897;0.028216;0.0437216;0.0297505;0.036385;0.0266522;0.0410045;0.0318863;0.0284817;0.0270312
20000;0.0496551;0.0348027;0.0543362;0.0352546;0.0458007;0.0342219;0.0653413;0.0495327;0.0372739;0.0354988
1000;0.00276213;0.00192034;0.00890325;0.00185133;0.00241793;0.00181813;0.00374564;0.00276622;0.00190282;0.00185627
5000;0.0122033;0.0087633;0.0178222;0.00867091;0.0112815;0.00872397;0.0166256;0.0126525;0.00955005;0.00909343
10000;0.0245602;0.0177956;0.0295168;0.0174502;0.0234743;0.0184936;0.0332354;0.0246536;0.0187831;0.0180185
15000;0.040279;0.0287282;0.0448228;0.0296519;0.037561;0.027683;0.041215;0.0319071;0.0289943;0.027482
20000;0.0487222;0.0348075;0.0549924;0.0354038;0.0454804;0.0343665;0.0649814;0.0508995;0.0373727;0.0356365
1000;0.00284017;0.00188105;0.0087562;0.00189732;0.00243565;0.00187739;0.00370675;0.0027207;0.00187737;0.00182014
5000;0.0119257;0.0086824;0.0176498;0.0086552;0.0117197;0.00874481;0.0167865;0.012594;0.00925789;0.00887863
10000;0.0241944;0.0176711;0.029829;0.017281;0.0224045;0.0179891;0.0330468;0.0246143;0.018311;0.0176678
15000;0.0402242;0.0288743;0.0446705;0.029786;0.0371697;0.0273254;0.0410786;0.0323407;0.028916;0.0274428
20000;0.0487435;0.0351715;0.0562122;0.0353851;0.0461212;0.0346229;0.0654325;0.0503999;0.0376023;0.036086
1000;0.002852;0.00201214;0.00894351;0.00201222;0.00255353;0.00199051;0.00396607;0.00298573;0.00207552;0.00197733
5000;0.0125241;0.00874889;0.0179473;0.00868943;0.0114968;0.00890844;0.0167946;0.0122976;0.00933261;0.00887104
10000;0.0240506;0.0174587;0.0295861;0.017177;0.0228599;0.0178204;0.0330618;0.0245386;0.0183204;0.0177079
15000;0.0400058;0.0280906;0.043735;0.0293993;0.0367236;0.0268146;0.0408526;0.0317543;0.0282337;0.0269938
20000;0.0487595;0.0350813;0.0575753;0.0357737;0.0460511;0.0352264;0.0662329;0.0504075;0.0370351;0.0354058
1000;0.00258931;0.00184834;0.0087807;0.00187168;0.00242576;0.00187169;0.00370923;0.00273804;0.00186936;0.00182527
5000;0.0121267;0.00889584;0.0180218;0.00869099;0.0114048;0.00882364;0.016382;0.0123096;0.00925864;0.00894476
10000;0.0238328;0.0175927;0.0297786;0.0173166;0.0227136;0.0179039;0.0323543;0.024675;0.0186155;0.0179723
15000;0.0401025;0.0280642;0.0438476;0.0291483;0.0366194;0.0270928;0.0410618;0.0315978;0.0280641;0.0267445
20000;0.0492813;0.0350678;0.0547827;0.0352759;0.0451521;0.033546;0.0656291;0.0496069;0.0368305;0.0358459
1000;0.00274331;0.00188212;0.00879136;0.00184267;0.00242505;0.00183539;0.00368654;0.002704;0.00188694;0.0018504
5000;0.0123857;0.00879023;0.0181688;0.00874369;0.0114008;0.00867594;0.0169686;0.0124455;0.00931509;0.00905591
10000;0.0241205;0.0173413;0.0289725;0.0170564;0.0227659;0.0177721;0.0327898;0.0243642;0.0183212;0.0176242
15000;0.0398281;0.0286116;0.0438093;0.0291691;0.0380747;0.0273973;0.0403556;0.0320591;0.0286287;0.0272316
20000;0.0486994;0.0350818;0.0538722;0.0348638;0.0452472;0.0340965;0.0654642;0.0499405;0.0372906;0.0356576
1000;0.00273979;0.00193267;0.00896655;0.00190512;0.00250314;0.00189648;0.0037823;0.00280023;0.00194906;0.00182791
5000;0.0121997;0.00877406;0.0176529;0.00863305;0.0115335;0.00871162;0.0168118;0.0125647;0.0095457;0.00911862
10000;0.0245932;0.0179259;0.0296081;0.0173468;0.0230834;0.0181278;0.0330153;0.0242587;0.0187689;0.018022
15000;0.0406653;0.0284145;0.0444247;0.0311585;0.0369043;0.0271321;0.0407824;0.0319745;0.0287081;0.0275873
20000;0.0488653;0.0349676;0.0548066;0.0357188;0.0463332;0.0349363;0.0658819;0.050761;0.0369373;0.0355114
1000;0.00279894;0.00188983;0.00919467;0.00186804;0.00248532;0.00183882;0.00371189;0.00274609;0.00196349;0.0018282
5000;0.0122944;0.00857867;0.0178484;0.00862846;0.0113555;0.0086603;0.0169733;0.0124074;0.00925321;0.00905288
10000;0.0238281;0.0177024;0.0297106;0.0175861;0.022884;0.017964;0.0325848;0.0244047;0.0183421;0.0176067
15000;0.0403237;0.0282045;0.0437136;0.0293188;0.0371034;0.0275097;0.040569;0.031865;0.0283512;0.0270614
20000;0.0488267;0.0349353;0.0543474;0.0353049;0.0457569;0.0346236;0.0657554;0.050181;0.0377635;0.0361012
1000;0.00314836;0.00200366;0.00886184;0.00186054;0.00242122;0.00181846;0.00368872;0.0027296;0.00187249;0.00185307
5000;0.0119087;0.00882409;0.0194623;0.00871283;0.0115058;0.00863043;0.0168084;0.0123609;0.0092795;0.00892754
10000;0.0241382;0.0174966;0.0297804;0.0173865;0.0227857;0.0178777;0.0324652;0.0242069;0.0183503;0.0176326
15000;0.0409006;0.0290884;0.0447225;0.028712;0.0379723;0.0274296;0.0410209;0.0320831;0.0287973;0.0273932
20000;0.0491232;0.0350241;0.0544115;0.0344753;0.0455201;0.0351315;0.0658617;0.0503529;0.0372922;0.0355106
1000;0.0027021;0.00188636;0.00904974;0.00190968;0.00244123;0.00205588;0.00373444;0.0027939;0.00189554;0.00178956
5000;0.0121894;0.00868007;0.0178716;0.00865951;0.0116331;0.00867862;0.016876;0.0124751;0.00927865;0.00891121
10000;0.0242816;0.0174772;0.0294125;0.0170754;0.0224273;0.0177161;0.033084;0.0242723;0.0181831;0.0176596
15000;0.039926;0.0280829;0.0439512;0.0293263;0.0374446;0.0274441;0.0408946;0.031754;0.0285811;0.027145
20000;0.0489163;0.0347197;0.0546264;0.0351299;0.0454885;0.0347672;0.0654243;0.0499723;0.0372505;0.0357084
1000;0.00273284;0.00192893;0.00892241;0.0018847;0.00247778;0.00183654;0.00379802;0.00279345;0.00209846;0.00179294
5000;0.0125542;0.00886667;0.0179166;0.00885853;0.0114346;0.00877544;0.0172502;0.012611;0.00944448;0.00912492
10000;0.0240397;0.0174668;0.0290166;0.0171276;0.0226233;0.0178401;0.0332111;0.0242814;0.018534;0.0178475
15000;0.039539;0.0280221;0.0432984;0.0290571;0.0363313;0.0265349;0.0406429;0.0316023;0.0285904;0.0273152
20000;0.0488821;0.034934;0.0542598;0.0360773;0.0461427;0.0351281;0.0663487;0.0502692;0.0378759;0.0362314
1000;0.00263648;0.00191762;0.00917722;0.00186745;0.00257519;0.00183935;0.00376836;0.00273889;0.00187459;0.00180602
5000;0.0126845;0.00872399;0.0180918;0.00872416;0.0115791;0.00866641;0.0168627;0.0123896;0.00943963;0.00898834
10000;0.0241948;0.0175879;0.0295167;0.0174194;0.022451;0.0176144;0.032751;0.0242755;0.0181849;0.0178609
15000;0.0395597;0.0282008;0.0439232;0.028741;0.0374915;0.0273976;0.0406415;0.0318652;0.02854;0.0276442
20000;0.0532408;0.0356093;0.0551881;0.0364713;0.0462261;0.0353069;0.0661723;0.0506709;0.038087;0.0361792
1000;0.0028565;0.00183908;0.00896406;0.00189582;0.00239041;0.00185128;0.00370371;0.00279773;0.00193541;0.00182803
5000;0.0121197;0.00873101;0.0178599;0.0087358;0.0114699;0.00867424;0.0169917;0.0123997;0.00928601;0.00896523
10000;0.0246298;0.01755;0.0290328;0.0171479;0.0227923;0.0178056;0.0327537;0.024394;0.0182917;0.0174774
15000;0.040034;0.0285825;0.0439027;0.0292671;0.0372043;0.0278034;0.0408541;0.0317551;0.0285459;0.0271378
20000;0.0491058;0.0348427;0.0544245;0.0349783;0.0462445;0.0348823;0.0655592;0.0502803;0.0369048;0.0354756
1000;0.0027541;0.0019163;0.00882741;0.0018385;0.00244127;0.00182882;0.00376865;0.00269907;0.00196078;0.00182035
5000;0.0120827;0.00866929;0.0178157;0.00866835;0.0113755;0.00877197;0.0166392;0.0125157;0.00924152;0.00890905
10000;0.0244227;0.0177471;0.0298463;0.0177383;0.0230381;0.0181325;0.0327;0.0242988;0.0185481;0.017805
15000;0.0398658;0.0283464;0.0441441;0.0293294;0.0370942;0.0273259;0.0409706;0.0321348;0.0285657;0.0274393
20000;0.0490039;0.0350523;0.055178;0.0354904;0.0460488;0.0346928;0.0655486;0.0503947;0.0369376;0.0353776
1000;0.00279961;0.00190774;0.00878953;0.00189036;0.00245938;0.00201933;0.00377372;0.00273978;0.00185993;0.00184415
5000;0.0124322;0.00880861;0.0179955;0.00887408;0.0115139;0.00888326;0.0169151;0.0124035;0.00956943;0.00919293
10000;0.0239741;0.0175716;0.0289787;0.0175174;0.0227913;0.0180182;0.0326292;0.0242659;0.0184395;0.0176547
15000;0.0396778;0.0283255;0.0439372;0.031121;0.0364408;0.0266601;0.0406795;0.0317013;0.0280608;0.0269293
20000;0.0491033;0.0351505;0.0556081;0.0353329;0.0456691;0.0349651;0.0664452;0.0509661;0.0367226;0.0353105
1000;0.00278822;0.00184624;0.00867942;0.00187021;0.00242513;0.00186975;0.0036842;0.00276285;0.0018867;0.00180622
5000;0.0122671;0.00883214;0.0185552;0.0089976;0.0115838;0.00893556;0.0167818;0.0123501;0.00948084;0.00904882
10000;0.0239662;0.0173829;0.0289148;0.0171729;0.0224433;0.017861;0.0331839;0.0244094;0.0181372;0.0176422
15000;0.0398278;0.028149;0.0452661;0.0291563;0.0369823;0.0270324;0.0405419;0.0319172;0.0281407;0.0270135
20000;0.0494246;0.0354233;0.0543277;0.0349977;0.0453409;0.0344783;0.0657267;0.0503158;0.0369887;0.035611
1000;0.00280721;0.00187456;0.0086472;0.00185245;0.00240885;0.00185979;0.00369476;0.00279228;0.00191244;0.00184572
5000;0.0119478;0.00867419;0.017704;0.00864412;0.0115329;0.00865602;0.016625;0.012527;0.00934023;0.00895245
10000;0.0238544;0.0174567;0.0295146;0.0171903;0.0223108;0.018021;0.032877;0.0243033;0.0183821;0.017686
15000;0.0397084;0.0274241;0.0429727;0.0291174;0.0371622;0.0266531;0.040998;0.0315427;0.0280285;0.027195
20000;0.0488673;0.0348434;0.054498;0.0350758;0.0457157;0.0347858;0.0667247;0.0499279;0.0369233;0.0358011
1000;0.00275596;0.00184337;0.00860025;0.00185815;0.00238426;0.0018371;0.00369733;0.00274483;0.0018594;0.00185683
5000;0.0121426;0.00862377;0.017971;0.00868905;0.0114125;0.00900191;0.017073;0.0124091;0.00919879;0.00900723
10000;0.0243226;0.0175833;0.0295319;0.0172489;0.0225874;0.0179884;0.0326571;0.024205;0.0185817;0.0179973
15000;0.0397842;0.0281596;0.0433028;0.0291154;0.0372149;0.026982;0.0405614;0.0315049;0.0283261;0.0270571
20000;0.0485823;0.0344821;0.0538659;0.0352586;0.0455614;0.0345003;0.0661472;0.05038;0.0375762;0.0360187
1000;0.00257784;0.00184415;0.00873738;0.00183387;0.00239387;0.00182374;0.003701;0.00271226;0.00190164;0.00185753
5000;0.0119484;0.00871119;0.0178534;0.0087141;0.0114991;0.0087308;0.0168618;0.0124629;0.00931644;0.00901149
10000;0.0246975;0.0178144;0.0294109;0.0172822;0.0224693;0.0180334;0.0329741;0.0242388;0.0183623;0.0177731
15000;0.0397332;0.0277218;0.04339;0.0292235;0.0370451;0.0268907;0.04068;0.0319488;0.0283201;0.0270324
20000;0.0483537;0.0343404;0.0533331;0.0350374;0.0448416;0.0344239;0.0660342;0.0496339;0.0369905;0.0358879
1000;0.00265793;0.00191052;0.008972;0.00190278;0.00244494;0.0018687;0.00382443;0.00281162;0.00206785;0.00185178
5000;0.0125929;0.00897257;0.0179972;0.0086924;0.011411;0.00870641;0.0222272;0.0131084;0.00950636;0.00911991
10000;0.0239967;0.017563;0.0289969;0.017131;0.022697;0.0184103;0.0330276;0.024093;0.0183933;0.0176706
15000;0.0403892;0.0278621;0.0437562;0.0310596;0.0370377;0.0272483;0.0414587;0.0324733;0.0280469;0.0266802
20000;0.0487975;0.0352514;0.055055;0.0353506;0.0457827;0.0346909;0.0654564;0.0501434;0.036997;0.035565
1000;0.00262521;0.00184709;0.0086448;0.00185217;0.00245067;0.00186603;0.00372346;0.00273035;0.00186594;0.00184795
5000;0.012526;0.00874408;0.0179773;0.00865108;0.011485;0.00869872;0.0168331;0.012689;0.00924631;0.00898971
10000;0.0241775;0.0176056;0.0294413;0.017197;0.0226563;0.0178521;0.0334845;0.0246887;0.0182393;0.0175026
15000;0.0398512;0.0292164;0.0436649;0.0297872;0.0368091;0.027102;0.0409838;0.0321426;0.028238;0.0270534
20000;0.0494141;0.0347544;0.0541075;0.0342263;0.0453065;0.0346395;0.0666033;0.0506524;0.0368615;0.0354767
1000;0.00272721;0.00194309;0.00875118;0.00186727;0.00247026;0.00185144;0.00371152;0.00274354;0.00188867;0.00180316
5000;0.0124303;0.00897835;0.0186;0.00877784;0.0115671;0.00877758;0.0166436;0.0123552;0.00922788;0.00880991
10000;0.0240263;0.0175068;0.0293468;0.0171099;0.0224573;0.0177932;0.0331801;0.0245625;0.0183122;0.0175813
15000;0.0403383;0.0280638;0.0442436;0.0292096;0.0372283;0.0271189;0.0412812;0.0320435;0.0287422;0.0274848
20000;0.0487506;0.0348423;0.0548964;0.0347233;0.0450189;0.0337507;0.0656737;0.0497243;0.0372344;0.0356369
1000;0.00266939;0.0019752;0.00922381;0.00188961;0.00248199;0.00203908;0.00371624;0.0027407;0.00189554;0.00183502
5000;0.0123253;0.00877137;0.0176251;0.00871551;0.0116865;0.00862688;0.0168483;0.0125339;0.00930215;0.00904658
10000;0.0243585;0.0173463;0.0293292;0.017196;0.0225445;0.0178593;0.032602;0.0242702;0.0183065;0.0177448
15000;0.0399821;0.0280091;0.0431312;0.0292911;0.0370691;0.0268969;0.0406287;0.0315257;0.0281705;0.0271544
20000;0.0487395;0.0347578;0.054999;0.0351398;0.0453789;0.0342522;0.0657765;0.0501222;0.0370126;0.0355752
1000;0.00269003;0.00196083;0.00889435;0.00193475;0.00255878;0.00189371;0.00376473;0.00283138;0.00200304;0.00187624
5000;0.0125198;0.00878855;0.0175575;0.00875638;0.0114302;0.00869366;0.0168665;0.012312;0.00950572;0.00905923
10000;0.0242353;0.0177896;0.0293613;0.0173975;0.0225827;0.0180112;0.0332665;0.0245112;0.0187408;0.0181823
15000;0.0407066;0.0281944;0.043212;0.028403;0.0368751;0.0269879;0.0407553;0.0316138;0.0282455;0.0270264
20000;0.0492494;0.0351263;0.0537535;0.0348938;0.0447261;0.0342969;0.0655756;0.0498155;0.0373818;0.0355096
1000;0.00274249;0.00193397;0.00883445;0.00203412;0.00242652;0.00181074;0.00371813;0.00271761;0.00187536;0.00178605
5000;0.0121233;0.0089139;0.0181832;0.00892112;0.0115377;0.00873034;0.016692;0.0121882;0.00940881;0.0090854
10000;0.0241145;0.0173944;0.0291035;0.0170749;0.0223916;0.0176191;0.0329146;0.0240791;0.0182078;0.0175361
15000;0.0412048;0.0281197;0.0438315;0.029153;0.0372336;0.0274186;0.0408478;0.0317576;0.0283359;0.0270252
20000;0.0490409;0.0350982;0.0540444;0.0356996;0.045654;0.0346913;0.0664863;0.0505153;0.036864;0.0353275
1000;0.00274063;0.00189676;0.00867972;0.0018686;0.00242495;0.00182184;0.00375598;0.00271586;0.00186018;0.00178337
5000;0.0120047;0.00882324;0.0177519;0.00868796;0.0114203;0.00869393;0.0169018;0.0125851;0.00931204;0.00891961
10000;0.0245036;0.0176216;0.0293337;0.0173394;0.0225379;0.017733;0.0331723;0.0245844;0.0181323;0.0175463
15000;0.0403123;0.0284365;0.044394;0.0292009;0.0376041;0.0276791;0.0411699;0.0319265;0.0285624;0.0271846
20000;0.0487853;0.034565;0.0550827;0.0356171;0.0457213;0.034825;0.0660211;0.0501988;0.0367544;0.0357928
1000;0.00279582;0.00189336;0.00897178;0.00183078;0.00242587;0.00181307;0.00375721;0.00271375;0.00186205;0.00180591
5000;0.0123727;0.00870581;0.0177312;0.0088536;0.0115693;0.00869603;0.0171343;0.0122355;0.00920547;0.00889112
10000;0.0245431;0.0175743;0.0294209;0.0175189;0.0227565;0.0177266;0.0327626;0.0242558;0.018187;0.0176556
15000;0.0400267;0.0281624;0.0435593;0.0327426;0.0373623;0.0268297;0.0416286;0.0320417;0.0279769;0.0268799
20000;0.0502149;0.0358002;0.055209;0.035933;0.0462725;0.0351359;0.0675706;0.0508045;0.0385102;0.0353591
1000;0.00265883;0.00193618;0.00977062;0.00189208;0.00266608;0.00189048;0.00374814;0.00275851;0.00191294;0.00185842
5000;0.0121287;0.00858491;0.0175853;0.00858202;0.0114567;0.00863909;0.0165301;0.0122637;0.00925801;0.00896833
10000;0.0244319;0.0177237;0.0292478;0.017233;0.0226577;0.0177844;0.0328141;0.0244983;0.0182537;0.0177723
15000;0.0398685;0.0279464;0.0434939;0.0288076;0.0368551;0.026927;0.0421198;0.031681;0.0280245;0.0268661
20000;0.0491241;0.0351101;0.0545555;0.0355327;0.0458548;0.0347915;0.0658543;0.0504614;0.0369188;0.0355209
1000;0.0026419;0.00191036;0.00861901;0.00187263;0.00245288;0.00181461;0.00371248;0.00270326;0.00188422;0.00181297
5000;0.0122383;0.00890335;0.0182579;0.00877698;0.0115118;0.00875239;0.0167847;0.0125583;0.00955393;0.00915075
10000;0.0243441;0.0181246;0.0293017;0.0174372;0.0227208;0.0175272;0.0325098;0.0239843;0.0186342;0.0179449
15000;0.0395813;0.0282213;0.0439622;0.0293655;0.0372845;0.0271758;0.0404678;0.0318309;0.0281424;0.0269647
20000;0.0491293;0.0346814;0.0555641;0.0358379;0.0457587;0.0349049;0.0661929;0.050213;0.037657;0.0359705
1000;0.00276866;0.0019013;0.0087585;0.00185173;0.00243006;0.00181754;0.00373068;0.00270834;0.00189331;0.0018148
5000;0.0121359;0.00869711;0.0176705;0.00872968;0.0114251;0.00872894;0.0167746;0.0123331;0.00935379;0.0090542
10000;0.0246127;0.0175544;0.0293192;0.0175631;0.0230322;0.0178413;0.0330516;0.0243681;0.0181334;0.0176296
15000;0.0398994;0.0286057;0.0437407;0.0293564;0.037117;0.026919;0.0410345;0.0314395;0.028195;0.027323
20000;0.0490925;0.0356683;0.0559406;0.0357493;0.0463652;0.0349502;0.0657587;0.0505495;0.0373957;0.0357921
1000;0.00270838;0.00185081;0.00870864;0.00184387;0.00241368;0.00181962;0.00365608;0.00270739;0.00191329;0.00185888
5000;0.011859;0.00878201;0.0178635;0.00878447;0.011469;0.00872293;0.0173684;0.0124509;0.00927667;0.00883822
10000;0.0242284;0.0176414;0.0295886;0.0171035;0.0225085;0.0188321;0.0328545;0.0240257;0.0180893;0.0175289
15000;0.0405451;0.0287742;0.0447958;0.0300213;0.0374408;0.0277511;0.0408135;0.0322887;0.0289857;0.0274077
20000;0.0488726;0.0348906;0.0547793;0.0354385;0.0455561;0.0346036;0.0654299;0.0500323;0.0367274;0.0353522
1000;0.00275373;0.00186787;0.00871418;0.00186902;0.00243759;0.00181325;0.00365653;0.00273323;0.00187785;0.00181859
5000;0.0129568;0.00901325;0.0181761;0.00879083;0.0115683;0.00869704;0.017369;0.0123452;0.00931955;0.0089685
10000;0.0244603;0.0174863;0.0289484;0.0171905;0.0228875;0.0178118;0.0328197;0.0242715;0.0186402;0.0178374
15000;0.0405983;0.0282968;0.0438972;0.0289402;0.0367788;0.0272135;0.0407271;0.0317787;0.0285164;0.0272612
20000;0.0498757;0.0347644;0.0551493;0.0343616;0.0453255;0.0345316;0.0659697;0.0499878;0.0368849;0.0352164
1000;0.00260496;0.00186167;0.00876195;0.0018437;0.00244683;0.0018642;0.00378366;0.00283142;0.00186187;0.00184025
5000;0.0123001;0.00875411;0.018068;0.00867248;0.0116342;0.00871312;0.01678;0.0125906;0.0091993;0.00898462
10000;0.0244585;0.0177967;0.0296535;0.0173344;0.0226488;0.0177582;0.0327617;0.0245181;0.0183157;0.017559
15000;0.0409029;0.0281924;0.0441167;0.0290153;0.0369682;0.0273226;0.0411513;0.0320094;0.0281858;0.0272245
20000;0.0492723;0.0350003;0.0539264;0.0353296;0.0460806;0.0352251;0.0659226;0.050316;0.0373278;0.0359227
1000;0.00281575;0.00187405;0.00878134;0.00186057;0.00242564;0.00183745;0.00374353;0.00273669;0.00192506;0.00183272
5000;0.0121906;0.00868593;0.0177559;0.00883928;0.0114768;0.00867029;0.0168127;0.0124004;0.00929755;0.00897236
10000;0.0248109;0.0176502;0.0293914;0.0171986;0.0223366;0.0221571;0.035396;0.0246712;0.0182698;0.0175714
15000;0.0399139;0.0284406;0.043252;0.0290927;0.0376861;0.0273906;0.0408408;0.0316064;0.0281812;0.0268094
20000;0.048629;0.0349984;0.0544456;0.0355372;0.0457525;0.0347832;0.0657467;0.0500532;0.0370418;0.0352466
1000;0.00264816;0.00187785;0.0088789;0.00182677;0.00242292;0.0018582;0.00372837;0.00271744;0.00185148;0.00181561
5000;0.0122181;0.00874157;0.0177925;0.00872957;0.0114873;0.00864144;0.0162895;0.0123032;0.00956623;0.00904108
10000;0.0240617;0.0177211;0.0292971;0.0172452;0.0228654;0.0177913;0.0327183;0.0243952;0.0184198;0.0177261
15000;0.0402279;0.0282171;0.0432777;0.029225;0.0366737;0.0270872;0.0408724;0.0316938;0.028065;0.0271929
20000;0.0492311;0.0349076;0.053715;0.0352887;0.0458676;0.0348283;0.0669817;0.0510852;0.0368342;0.0353268
1000;0.00268695;0.0019519;0.00890432;0.00191741;0.00243274;0.0018449;0.00377535;0.00278331;0.00194051;0.00183961
5000;0.0121144;0.00894744;0.0182104;0.00894584;0.0116264;0.00896653;0.0167432;0.0125037;0.00956496;0.00908182
10000;0.0242479;0.0176947;0.0294613;0.0172831;0.0227887;0.0177885;0.0327113;0.0244572;0.0186172;0.0179257
15000;0.0401554;0.0280285;0.0444803;0.0283304;0.0368676;0.0271996;0.0412098;0.0318077;0.028641;0.0274994
20000;0.0489582;0.0353082;0.0564503;0.0358784;0.0458215;0.0347222;0.065909;0.0508073;0.0368924;0.0356154
1000;0.00256918;0.00185099;0.00872797;0.00183701;0.00239072;0.00182645;0.00372047;0.00270507;0.00186011;0.00179193
5000;0.0121197;0.00875662;0.017962;0.00872394;0.0118968;0.00878064;0.0169497;0.012468;0.00946545;0.00903093
10000;0.0249179;0.018007;0.0301734;0.0175508;0.0225762;0.0178878;0.0330488;0.0243896;0.0182109;0.017528
15000;0.0401464;0.0285581;0.0440708;0.0289388;0.0371103;0.0271117;0.041108;0.0322228;0.0281078;0.0267688
20000;0.0494612;0.0349566;0.0550579;0.0353267;0.0456447;0.0349152;0.0662928;0.0509253;0.0374168;0.0354554
1000;0.00260001;0.0019475;0.00895219;0.00184838;0.00250745;0.00184392;0.00368315;0.00273252;0.0019238;0.0018418
5000;0.0123172;0.00882705;0.0178025;0.00892776;0.0115723;0.00879717;0.016946;0.0124945;0.00943342;0.00907681
10000;0.0245697;0.017385;0.0289754;0.0170614;0.0223413;0.0176824;0.0326951;0.0240272;0.0182032;0.0176059
15000;0.0400607;0.0276674;0.0431718;0.0297519;0.0369683;0.0273883;0.040938;0.032056;0.0279954;0.0270366
20000;0.0495131;0.0352236;0.0555938;0.035452;0.0457248;0.0353926;0.0659502;0.0506292;0.0368085;0.035282
1000;0.00279678;0.00191225;0.00880372;0.00187766;0.00242349;0.00182822;0.00381729;0.00274334;0.0018752;0.00179543
5000;0.0123362;0.00904383;0.0176263;0.00869552;0.0114133;0.00868746;0.0169834;0.0123194;0.00929711;0.00897593
10000;0.0244089;0.0177563;0.0294884;0.0173357;0.0226993;0.0180856;0.0333795;0.0241664;0.0185173;0.0176609
15000;0.0401218;0.0280831;0.0437787;0.0297243;0.0373902;0.027105;0.0407138;0.0320216;0.0281639;0.0270586
20000;0.0490882;0.034577;0.0579769;0.0355898;0.0453762;0.0348171;0.0663518;0.0497707;0.0371172;0.035682
1000;0.00269882;0.00188366;0.00887924;0.00190306;0.00246419;0.00186217;0.00386225;0.00276316;0.0019928;0.00190556
5000;0.0122223;0.00882051;0.0179047;0.00887687;0.0114379;0.00879685;0.0167904;0.0124184;0.00930946;0.00889199
10000;0.024716;0.0177739;0.0292321;0.0175087;0.022957;0.0185614;0.0331582;0.0246911;0.0184992;0.0177694
15000;0.0398211;0.0283199;0.043784;0.0301692;0.0373756;0.0271943;0.0409645;0.0318412;0.0283513;0.0270253
20000;0.0494358;0.0353608;0.0555601;0.0356467;0.0458042;0.0351187;0.066582;0.0507385;0.0375495;0.0358749
1000;0.00271788;0.00203142;0.00914611;0.00188245;0.00247246;0.00204775;0.00383048;0.0027499;0.00185766;0.00183756
5000;0.0129811;0.00911123;0.018168;0.00902317;0.0116941;0.0093654;0.0166097;0.0123052;0.00951011;0.00915473
10000;0.0241671;0.0174711;0.0293665;0.0171836;0.0228925;0.0178999;0.0333182;0.0240345;0.018606;0.0179979
15000;0.0394887;0.0278029;0.0429866;0.0290199;0.037331;0.026889;0.0407857;0.0317573;0.0281266;0.0269521
20000;0.0487169;0.0352679;0.0547308;0.0359805;0.0457463;0.0347726;0.0657415;0.0500409;0.0378773;0.0359332
1000;0.00264004;0.0018581;0.00867022;0.00184628;0.00246117;0.00184072;0.00372277;0.00270929;0.00188431;0.00184127
5000;0.0123695;0.00885585;0.0187833;0.00881129;0.0118293;0.00879287;0.0171387;0.0125504;0.00954168;0.00914517
10000;0.0246637;0.0175608;0.0291047;0.0171538;0.0229733;0.0182769;0.0331064;0.0247679;0.0188277;0.0180139
15000;0.0397007;0.0285256;0.0434806;0.030001;0.0371311;0.0275398;0.0410928;0.0318439;0.0283138;0.0270403
20000;0.0494886;0.034833;0.0539901;0.0357379;0.0457454;0.0337174;0.0661655;0.049491;0.0367049;0.0353213
1000;0.00278395;0.00190504;0.00862189;0.00185819;0.00240578;0.00186802;0.003761;0.00270978;0.00192788;0.0018586
5000;0.0123621;0.00858682;0.0176269;0.00865991;0.0113973;0.00871757;0.0166373;0.0127056;0.00937647;0.00904983
10000;0.0242257;0.0177794;0.0297188;0.0172771;0.0228843;0.0182721;0.0329544;0.0241439;0.0184056;0.0177378
15000;0.0406714;0.0281922;0.043223;0.0295046;0.0367726;0.0273485;0.040884;0.0317671;0.0289789;0.027272
20000;0.0492353;0.0354647;0.0547203;0.0359048;0.0458301;0.0347422;0.0670729;0.0504737;0.0372394;0.0356153
1000;0.00277292;0.00190707;0.0093606;0.00190262;0.00251574;0.00185444;0.00377791;0.00277687;0.002003;0.00180473
5000;0.0126051;0.00924007;0.0183906;0.00878495;0.0113831;0.0090666;0.0168973;0.0126074;0.00920106;0.00879256
10000;0.0243458;0.0185237;0.0290799;0.0172698;0.0229023;0.0176138;0.032621;0.0240988;0.0186002;0.0179966
15000;0.0397353;0.0279885;0.0436042;0.0288833;0.0368421;0.0271017;0.041288;0.0317045;0.0282425;0.0270516
20000;0.0487291;0.0345936;0.0544022;0.0352234;0.0450945;0.0347387;0.0655806;0.0497307;0.037417;0.0357023
1000;0.00266654;0.00200237;0.00892926;0.00188481;0.00247435;0.00187321;0.00378782;0.00275471;0.00196213;0.00185295
5000;0.0124583;0.00893862;0.0176208;0.00876408;0.0115396;0.00865908;0.0167816;0.0124414;0.00939805;0.00886837
10000;0.0251691;0.0175649;0.0296901;0.0175183;0.0225468;0.0179275;0.0330138;0.0243969;0.0183303;0.0176216
15000;0.0401313;0.0285842;0.0440105;0.0300672;0.0374727;0.0275165;0.041331;0.0322587;0.0284728;0.0273041
20000;0.0487333;0.0352389;0.0549659;0.0352349;0.0453884;0.0347198;0.0658403;0.0503716;0.0370387;0.0357324
1000;0.00262425;0.00188149;0.00929697;0.0018531;0.00251354;0.00184899;0.00371426;0.00274721;0.00188778;0.00182087
5000;0.0118646;0.00872386;0.0184201;0.00871638;0.0115331;0.008726;0.0173522;0.0125295;0.00927653;0.00893046
10000;0.0245838;0.0178252;0.0293826;0.0174395;0.0226895;0.0183565;0.0331859;0.0244052;0.0184587;0.0177922
15000;0.0404544;0.0284419;0.0439035;0.0302918;0.037564;0.0274008;0.0409299;0.0319541;0.0285143;0.027135
20000;0.0495706;0.0355988;0.0565567;0.0357937;0.0457599;0.035394;0.0662543;0.050516;0.0380087;0.0362376
1000;0.00276373;0.00188571;0.0086568;0.00186574;0.0024229;0.00181898;0.00378212;0.0027416;0.00191892;0.0017976
5000;0.0118977;0.00884199;0.0177128;0.00870091;0.0116943;0.0087684;0.0167028;0.0124968;0.00932282;0.00890314
10000;0.0251845;0.0176133;0.0292042;0.0174158;0.022631;0.0191276;0.0341728;0.0243553;0.0184251;0.0177108
15000;0.0400728;0.0281755;0.0440034;0.0292087;0.0368679;0.027198;0.0410853;0.0322376;0.0280843;0.0269574
20000;0.0488636;0.0350117;0.0545177;0.0349839;0.0453793;0.034263;0.0657785;0.0498616;0.0369429;0.0355052
1000;0.00268165;0.00191562;0.00904669;0.00187333;0.00246938;0.00194421;0.00376934;0.00276019;0.00187095;0.00183341
5000;0.0125161;0.00879682;0.0178573;0.00874719;0.0116612;0.00887736;0.0166024;0.0123762;0.00943457;0.00902873
10000;0.0238358;0.0174829;0.0290305;0.0172368;0.0227817;0.0177602;0.0326858;0.0241721;0.018348;0.0176788
15000;0.0399908;0.0281354;0.0440174;0.0290998;0.0367694;0.0274675;0.0412657;0.0317191;0.0285402;0.0270791
20000;0.0489843;0.0360905;0.0546443;0.0362483;0.0468254;0.0358609;0.0658301;0.0505072;0.0379601;0.0364011
1000;0.00270871;0.00187377;0.00937125;0.00182158;0.00244276;0.00181763;0.00370144;0.00269782;0.00189514;0.00184398
5000;0.0122498;0.00875211;0.0182349;0.008716;0.0114155;0.00878369;0.017011;0.0123577;0.00924259;0.00895582
10000;0.0243324;0.017525;0.0290692;0.0174226;0.0226456;0.0179741;0.0330884;0.0247749;0.0181795;0.0175579
15000;0.0405683;0.0288675;0.0442052;0.0296779;0.0371305;0.0276146;0.0408373;0.0323125;0.0287896;0.0274366
20000;0.0488776;0.0356707;0.056563;0.0353803;0.0460549;0.0349909;0.0664235;0.0505966;0.0376464;0.0359846
1000;0.00272704;0.00193487;0.00926603;0.00187762;0.00249028;0.00186026;0.00383786;0.00289219;0.00189973;0.00187084
5000;0.0123132;0.00885639;0.0178235;0.00877624;0.0116871;0.00883849;0.0168994;0.0125472;0.0093022;0.00897752
10000;0.0241282;0.01751;0.0291645;0.0171649;0.0227975;0.0177321;0.0328268;0.0242731;0.0181477;0.0175949
15000;0.0398383;0.0280245;0.0434814;0.0290974;0.0369841;0.0271143;0.0409772;0.0316542;0.0282711;0.0268611
20000;0.0494886;0.0347088;0.0544524;0.0353092;0.0456623;0.0348229;0.0661766;0.0506117;0.0369377;0.0355014
1000;0.00276076;0.00192533;0.00882143;0.00187162;0.00247199;0.00180024;0.00365726;0.00272142;0.00189633;0.00178967
5000;0.0122051;0.00873228;0.0178878;0.00880534;0.0114715;0.00873877;0.0167847;0.0124028;0.0092593;0.00896002
10000;0.0239474;0.0176989;0.0296066;0.0173554;0.0225054;0.0178666;0.033005;0.0245647;0.0183635;0.0176352
15000;0.0394999;0.0281737;0.044488;0.0290692;0.0372117;0.0270714;0.0413128;0.0321204;0.0280232;0.0270147
20000;0.0490643;0.0350648;0.0556149;0.0352594;0.0457173;0.034387;0.0651724;0.049683;0.037558;0.0360196
1000;0.00262537;0.00186816;0.00871691;0.00183291;0.00247722;0.00183368;0.0037298;0.00274479;0.00192526;0.00183231
5000;0.0123036;0.00902705;0.0179192;0.00876575;0.0118364;0.00901347;0.0168315;0.0127251;0.00958389;0.00903969
10000;0.0241873;0.0177211;0.0292227;0.0173715;0.0227984;0.0180108;0.0333097;0.0245636;0.0183834;0.0177713
15000;0.0396189;0.0284648;0.0438898;0.0291844;0.0367223;0.0270932;0.041018;0.0320239;0.0281443;0.0270031
20000;0.0489421;0.0350175;0.0546049;0.0359525;0.0454038;0.0349072;0.0660351;0.05064;0.0368511;0.03542
1000;0.0027664;0.00190561;0.0091195;0.00190391;0.00249652;0.00187708;0.00377861;0.00278261;0.00191733;0.00183238
5000;0.0120902;0.00874047;0.0179532;0.00870669;0.0113337;0.00874327;0.0175015;0.0124917;0.00927279;0.0089383
10000;0.0239852;0.017788;0.0292755;0.0173711;0.0228053;0.0178615;0.0327766;0.0242788;0.0184537;0.0178161
15000;0.0397882;0.0278812;0.0437831;0.0344206;0.0374058;0.0267756;0.040756;0.0320842;0.0281592;0.0269085
20000;0.0485164;0.0348291;0.0559443;0.0353982;0.0457871;0.0349455;0.0661863;0.0500035;0.0378192;0.0363323
1000;0.0027743;0.0018911;0.00871592;0.00187019;0.0024465;0.00181326;0.00373162;0.0027599;0.00190158;0.00182699
5000;0.0120348;0.00867227;0.0180752;0.00863657;0.0113067;0.00862533;0.0167739;0.0127218;0.00938431;0.00900417
10000;0.0242144;0.0175126;0.0292767;0.0171435;0.0223727;0.0180346;0.0329337;0.024332;0.0181981;0.0176069
15000;0.0392732;0.0279537;0.0438203;0.03127;0.0374491;0.0272172;0.041026;0.0317116;0.028502;0.0274236
20000;0.0497485;0.0343667;0.0556988;0.0353049;0.0455914;0.0348444;0.0661094;0.0503058;0.0369489;0.0356919
1000;0.00270139;0.00193378;0.00892079;0.00193443;0.00248171;0.00185547;0.00376202;0.00278429;0.00202111;0.00185758
5000;0.0124156;0.00891231;0.0176003;0.00869295;0.0113733;0.00865249;0.0167812;0.0123382;0.00935445;0.00905488
10000;0.025134;0.0179161;0.02995;0.0179174;0.0232303;0.0189632;0.0333313;0.0245875;0.0185099;0.0178593
15000;0.0401549;0.0284985;0.0447608;0.0295606;0.0380979;0.0276948;0.041284;0.0323097;0.0284774;0.0272133
20000;0.0492377;0.035166;0.0546454;0.035477;0.0457319;0.0352921;0.0667629;0.0508029;0.0366225;0.0355881
1000;0.00265085;0.00188356;0.00883188;0.00184668;0.00240229;0.00183859;0.00369026;0.00272319;0.00189963;0.00181292
5000;0.0121723;0.00883079;0.0179423;0.0088158;0.0115998;0.00895478;0.0171224;0.0126522;0.00934634;0.00908822
10000;0.0246161;0.0177505;0.0307937;0.0173408;0.0224517;0.0178553;0.0329725;0.0241868;0.018254;0.0175297
15000;0.0397836;0.0280658;0.0434351;0.0296484;0.0372154;0.0273611;0.0411951;0.0319654;0.028181;0.0271011
20000;0.0499887;0.034831;0.0552287;0.0350844;0.0453185;0.0338827;0.066227;0.0507302;0.0369659;0.0353081
1000;0.00265985;0.00190986;0.00884125;0.00186558;0.00244377;0.00187118;0.00378616;0.00275176;0.00189967;0.00186791
5000;0.0121429;0.00869827;0.0181642;0.00866854;0.0114706;0.00872211;0.017228;0.0126497;0.00946822;0.00906126
10000;0.0243756;0.0177064;0.0293804;0.0174751;0.0228572;0.0183143;0.0331417;0.024399;0.0188195;0.0179429
15000;0.0393364;0.0280229;0.0434407;0.0318458;0.0367374;0.0269573;0.0409654;0.0320108;0.027932;0.0268275
20000;0.0485309;0.0353513;0.0571042;0.0357035;0.0465505;0.0350547;0.0654568;0.0502528;0.0376522;0.036073
1000;0.00272069;0.00190088;0.00875337;0.00188389;0.00242575;0.00180971;0.00370583;0.00272202;0.00189153;0.00179397
5000;0.0124239;0.00860247;0.0176155;0.00868177;0.0114679;0.00879679;0.0167544;0.0124335;0.00924335;0.00899513
10000;0.0245024;0.0175384;0.0296918;0.0171811;0.0232501;0.0178131;0.0335601;0.024312;0.0186163;0.0179147
15000;0.0402748;0.0285914;0.0442258;0.0296218;0.0376658;0.0273232;0.0412946;0.0319181;0.0284324;0.0270932
20000;0.0482401;0.0349483;0.054041;0.0352328;0.0448354;0.0342399;0.0654723;0.0497934;0.0368699;0.0356181
1000;0.00269287;0.00193837;0.00897165;0.0018784;0.00247462;0.00184785;0.00374466;0.00277821;0.00198801;0.00191702
5000;0.0121876;0.0088266;0.0177139;0.00879657;0.0114048;0.00872237;0.0165723;0.0123608;0.0093238;0.00896516
10000;0.0245964;0.0176247;0.0297096;0.0173153;0.0229422;0.0178086;0.0330982;0.0246579;0.0180383;0.0175221
15000;0.0398722;0.0280381;0.0441003;0.0313395;0.0366775;0.0271435;0.0408564;0.0316345;0.0279271;0.0267145
20000;0.0483502;0.0348598;0.0541497;0.0346814;0.0457962;0.0343084;0.0659105;0.0498537;0.0368872;0.0353549
1000;0.00269357;0.00185152;0.00884319;0.0018304;0.00244006;0.00185693;0.00368851;0.00275772;0.00188995;0.0018207
5000;0.0122357;0.0089192;0.0180813;0.00877463;0.0117703;0.00878439;0.0169208;0.0123984;0.0093078;0.00892487
10000;0.024;0.0176717;0.0298516;0.0173937;0.0227346;0.0180713;0.0328562;0.024157;0.0181851;0.0177017
15000;0.0400896;0.0284553;0.043823;0.0291343;0.0371349;0.0272858;0.0410962;0.0320024;0.0282488;0.0267125
20000;0.0494523;0.0344183;0.0543532;0.0351034;0.0452465;0.0342093;0.0660286;0.0501928;0.0369948;0.0358856
1000;0.00270975;0.001898;0.008864;0.00185092;0.00242983;0.00184554;0.00371817;0.00271869;0.00190876;0.0018456
5000;0.0124155;0.00892613;0.0183689;0.00862444;0.011792;0.0088859;0.0168633;0.012339;0.00918114;0.00886929
10000;0.0262986;0.0194514;0.0311962;0.0189238;0.0249067;0.0196187;0.0338458;0.0254594;0.0196554;0.0190186
15000;0.0403873;0.0281449;0.0439339;0.0297288;0.0366332;0.0276305;0.0412387;0.0319302;0.0282307;0.0271442
20000;0.0499686;0.0350881;0.0552771;0.0355823;0.0452796;0.034216;0.0656121;0.0498684;0.037258;0.0358691
1000;0.00285935;0.00188934;0.00883707;0.00184309;0.0024854;0.00180573;0.00368841;0.0027384;0.00189239;0.00185042
5000;0.0123265;0.00866401;0.0178943;0.00867009;0.0115134;0.00879301;0.0172402;0.0124022;0.00925538;0.00888066
10000;0.024184;0.017714;0.0294446;0.0172744;0.0228765;0.0181769;0.0328762;0.024365;0.0181886;0.0175682
15000;0.0412615;0.0287555;0.0438696;0.0294321;0.0378106;0.0272577;0.0411983;0.0322805;0.0285724;0.0270542
20000;0.0502209;0.0357004;0.0555817;0.0360094;0.0457645;0.0353206;0.0664953;0.0506728;0.0378757;0.0363105
1000;0.002541;0.00185903;0.00886371;0.00185336;0.00247698;0.00186542;0.0036895;0.0026927;0.00186966;0.00183872
5000;0.0122723;0.00874377;0.0177465;0.00860281;0.0114056;0.008739;0.0167136;0.0125058;0.00944736;0.00899977
10000;0.0244726;0.0179689;0.0297018;0.0175956;0.022817;0.0178639;0.0332177;0.0243545;0.0187247;0.0180052
15000;0.0401792;0.0285402;0.0438663;0.0293437;0.0370266;0.0269978;0.0410799;0.031625;0.0285581;0.0273445
20000;0.0498518;0.0359749;0.0553555;0.0359106;0.045866;0.0352889;0.0662775;0.0499465;0.0377772;0.0362883
1000;0.00257073;0.00188536;0.00892807;0.00183607;0.00247562;0.0018511;0.00372051;0.00271479;0.00184396;0.00183094
5000;0.0120819;0.00873805;0.017732;0.00869378;0.0116036;0.00870921;0.0167929;0.0127708;0.00929337;0.00891149
10000;0.0245014;0.0176648;0.0291395;0.0175901;0.0225417;0.0179991;0.0330424;0.0245769;0.0182928;0.0175594
15000;0.0403395;0.0280307;0.0451322;0.0293047;0.0372126;0.0275492;0.0404429;0.0319762;0.0281991;0.0270133
20000;0.0492693;0.0348633;0.0544562;0.035152;0.0452667;0.0348066;0.0659929;0.0503122;0.0370762;0.0358426
1000;0.00266923;0.00195006;0.00879888;0.00190697;0.00246539;0.0018975;0.00376912;0.00293384;0.00191448;0.00186268
5000;0.0122807;0.00888931;0.0178215;0.00875322;0.0116422;0.00875784;0.0171438;0.0124432;0.00922927;0.00887605
10000;0.0244092;0.017677;0.0298559;0.0174327;0.0227592;0.0178884;0.0327482;0.02476;0.0186283;0.0177313
15000;0.0395956;0.0283315;0.0432475;0.0325007;0.0374815;0.0268179;0.040388;0.0315345;0.0280786;0.0269298
20000;0.0497398;0.0351284;0.0553249;0.0355246;0.0457409;0.0349277;0.0655228;0.0503055;0.0376462;0.0358393
1000;0.00299026;0.00185874;0.00877054;0.00185124;0.00241355;0.00183172;0.00371066;0.00273352;0.00186621;0.00180221
5000;0.0130243;0.00881123;0.0179699;0.00873056;0.0113746;0.00872606;0.017003;0.0122777;0.00929827;0.00889792
10000;0.0246286;0.0176493;0.0291516;0.0174461;0.0226698;0.0178768;0.0336597;0.0243758;0.0184945;0.0179225
15000;0.0392445;0.0279832;0.0437602;0.0292947;0.037359;0.0272429;0.0407331;0.0315967;0.0286766;0.0273714
20000;0.0488929;0.0350119;0.0545265;0.0353672;0.0451254;0.0344077;0.0651789;0.0503233;0.0373849;0.035606
1000;0.00282776;0.0018633;0.00870932;0.00183688;0.00246452;0.00182364;0.00377954;0.00273284;0.00189077;0.0018505
5000;0.0119988;0.00867746;0.0179741;0.00866391;0.0113852;0.00870712;0.0167173;0.0125731;0.00918135;0.00893815
10000;0.0241253;0.0174976;0.0295799;0.0172836;0.022631;0.0177504;0.033094;0.0242209;0.0180961;0.0175604
15000;0.0393524;0.0283449;0.0438834;0.0291769;0.0375331;0.027139;0.0411992;0.0317819;0.0283215;0.0272542
20000;0.0485117;0.034486;0.0551985;0.0353066;0.0453776;0.0344901;0.0661151;0.0500633;0.0366983;0.0352496
1000;0.00263734;0.00188589;0.00880154;0.00183712;0.00242276;0.00184755;0.00373466;0.00272446;0.00186206;0.00189748
5000;0.0120249;0.00882152;0.0179878;0.00875261;0.0115388;0.00864835;0.0165658;0.0124625;0.00928489;0.00902755
10000;0.0251839;0.0178301;0.0291429;0.0172162;0.0228105;0.0177804;0.0329799;0.0241037;0.018424;0.0177465
15000;0.0398043;0.0281871;0.0437926;0.0289062;0.0370458;0.0271392;0.0410286;0.0320786;0.0280004;0.026907
20000;0.0487552;0.0348824;0.054911;0.035181;0.0456066;0.0345785;0.0654209;0.0497573;0.0374763;0.0359079
1000;0.00285522;0.00185621;0.00885869;0.0019391;0.00240699;0.00186123;0.00375704;0.00274867;0.00188525;0.00183493
5000;0.0126118;0.00880295;0.0178119;0.00884947;0.0113923;0.00871567;0.0165895;0.0127623;0.00930217;0.00894519
10000;0.0239761;0.0174963;0.0293112;0.0171454;0.0223726;0.0177633;0.0329208;0.0243299;0.0182995;0.0177373
15000;0.0403567;0.0282758;0.0436117;0.0295538;0.036794;0.0269729;0.0409332;0.0318111;0.0280477;0.0267229
20000;0.0499396;0.0352045;0.0549449;0.0357751;0.0465755;0.0357897;0.0658298;0.0503655;0.0374164;0.0358954
1000;0.00276269;0.00188611;0.0087641;0.0018698;0.00241197;0.001803;0.00371585;0.00277055;0.00192224;0.00180005
5000;0.0120623;0.0088149;0.0177386;0.00871502;0.0113358;0.00869999;0.016998;0.0123742;0.00932973;0.00898297
10000;0.0253572;0.0182675;0.0304207;0.0181226;0.0234572;0.0186125;0.0338937;0.0257675;0.0188956;0.0180641
15000;0.0398763;0.0277469;0.043278;0.0292966;0.0370611;0.0270621;0.0412655;0.031527;0.0281228;0.0267098
20000;0.0497189;0.0351409;0.0550192;0.0351181;0.0464248;0.0349221;0.0658669;0.050149;0.037728;0.0359995
1000;0.00280282;0.00186387;0.00874522;0.00187556;0.00238911;0.00187124;0.00376524;0.00271404;0.00190657;0.00178429
5000;0.0120496;0.00890263;0.0180822;0.00897044;0.0117442;0.0088328;0.0168692;0.0125089;0.00955253;0.00906306
10000;0.024086;0.0175212;0.0292814;0.0174196;0.0225523;0.0178693;0.0333812;0.0245272;0.018172;0.0175041
15000;0.0395767;0.0284188;0.0435069;0.0321989;0.0377314;0.027627;0.0415217;0.0321943;0.0285704;0.0276129
20000;0.0491687;0.0356483;0.0561221;0.0352858;0.0458468;0.0351236;0.0653557;0.0498425;0.0369389;0.0356017
1000;0.00270197;0.00198672;0.00887337;0.00191211;0.00268206;0.0018845;0.00373007;0.00277088;0.00190036;0.00184824
5000;0.0122246;0.00881097;0.0181395;0.00880567;0.0117702;0.00879425;0.0172079;0.0138406;0.00925354;0.00891395
10000;0.0242646;0.0182897;0.0291516;0.0174239;0.0231232;0.0181637;0.0331557;0.0242035;0.0184088;0.0177776
15000;0.0397575;0.0290384;0.0438829;0.0295852;0.0370945;0.0269991;0.0408703;0.0319573;0.0286222;0.0273264
20000;0.0494222;0.0348783;0.0554381;0.0351724;0.0454824;0.0345374;0.0660677;0.050158;0.0369045;0.0354151
1000;0.00276065;0.00195689;0.00873799;0.00189944;0.0024374;0.00183225;0.0037406;0.00272975;0.00187717;0.00181806
5000;0.0122906;0.0087434;0.0177012;0.00866855;0.0114531;0.00868251;0.0167335;0.0128058;0.00932241;0.0089577
10000;0.0245384;0.0176639;0.029801;0.017584;0.0227269;0.0190981;0.0329868;0.0243622;0.0186191;0.0179206
15000;0.0407174;0.0284842;0.0437809;0.0296465;0.0371176;0.027486;0.0412749;0.0317296;0.027976;0.0267286
20000;0.0489689;0.0353202;0.0547743;0.0352686;0.0457783;0.0346101;0.0652581;0.0495165;0.0376023;0.0359573
1000;0.00294489;0.00189669;0.00877707;0.00186376;0.00241228;0.00186532;0.00370207;0.00276338;0.00191779;0.00183307
5000;0.0122003;0.00880319;0.0179007;0.00876699;0.0113534;0.00874922;0.0171117;0.0124678;0.00925884;0.00894227
10000;0.0241659;0.0178317;0.0290997;0.0174274;0.0228733;0.0181973;0.0330933;0.0242443;0.0181929;0.0176404
15000;0.0398686;0.0281933;0.0436311;0.0293415;0.0372831;0.02705;0.0409247;0.031882;0.0280692;0.0267792
20000;0.0498669;0.0351763;0.0542653;0.0356821;0.0455558;0.0336917;0.0664356;0.0497151;0.0368534;0.0357567
1000;0.00284319;0.00191195;0.00864935;0.00185339;0.00239922;0.00185007;0.00373618;0.00273506;0.0018631;0.00193809
5000;0.0120734;0.00894392;0.018105;0.0088526;0.011584;0.0087392;0.0166549;0.0123828;0.00954464;0.009129
10000;0.0241507;0.0175177;0.0290234;0.0173225;0.0223368;0.0176801;0.0333422;0.0244085;0.0183276;0.0176578
15000;0.0399101;0.0279094;0.0436985;0.0290114;0.0367713;0.0273233;0.0413225;0.0317702;0.0279967;0.0267303
20000;0.050679;0.0350146;0.0572845;0.0352163;0.0451349;0.0344136;0.0703104;0.0514432;0.0380312;0.0363235
1000;0.00268872;0.00190641;0.00885235;0.00200242;0.00242071;0.00184185;0.00367293;0.00272001;0.00189304;0.00184288
5000;0.0119585;0.00869727;0.0181787;0.00858881;0.0113773;0.00867069;0.0177326;0.0126513;0.00923955;0.00889512
10000;0.0238897;0.0175046;0.0292967;0.0174605;0.0227051;0.0177085;0.0335738;0.0249127;0.0188198;0.0180829
15000;0.0407915;0.0285454;0.0438944;0.0293139;0.036597;0.0271815;0.041073;0.0320273;0.0285729;0.0272405
20000;0.0493313;0.0345356;0.0538278;0.0341071;0.0453549;0.034533;0.0659121;0.0501902;0.0374096;0.0358933
1000;0.00259203;0.00187501;0.0086338;0.00182299;0.0024539;0.00182509;0.00372468;0.00269899;0.00187869;0.00182311
5000;0.0120133;0.0086769;0.0175071;0.00864116;0.0115929;0.00861274;0.0167018;0.0124018;0.00924099;0.00891274
10000;0.0240762;0.0173619;0.0293801;0.0174651;0.0224221;0.017744;0.0332361;0.0242604;0.0183454;0.01766
15000;0.041231;0.0278814;0.0434643;0.028784;0.036982;0.0267615;0.0409497;0.0318907;0.0282059;0.0267062
20000;0.049139;0.0348821;0.0546974;0.0353303;0.0453073;0.0343639;0.0664636;0.0502343;0.0369036;0.0351946
1000;0.00279105;0.00186636;0.00911773;0.00185286;0.0024184;0.00182634;0.00369821;0.00271799;0.00191596;0.00179046
5000;0.0128391;0.00880605;0.0178646;0.00870646;0.0113766;0.00859135;0.0168702;0.0124891;0.0093686;0.00895846
10000;0.0244199;0.0179929;0.0293958;0.0177919;0.0230927;0.0179075;0.0327192;0.0246122;0.0184116;0.0177947
15000;0.0403048;0.0278805;0.0440621;0.0293393;0.0369746;0.0271726;0.0411084;0.0321317;0.0281516;0.0268706
20000;0.0488387;0.0354865;0.0554656;0.0357002;0.0458689;0.0349834;0.065948;0.0502287;0.0377357;0.0362199
1000;0.00283281;0.00189683;0.0094564;0.00185036;0.0024138;0.00188932;0.0037394;0.00276644;0.00191092;0.00187312
5000;0.0120446;0.00877473;0.0177134;0.00870075;0.0114589;0.00886199;0.0169632;0.012297;0.00930645;0.00901405
10000;0.0252958;0.018624;0.0300831;0.0181972;0.0235115;0.0184211;0.0335739;0.0254905;0.0190285;0.018287
15000;0.0403323;0.0286197;0.0440933;0.0302526;0.0372546;0.0274451;0.0410653;0.0318782;0.0288088;0.0273988
20000;0.0494651;0.0354335;0.0554543;0.0347287;0.0454334;0.0347753;0.0656001;0.0499988;0.0373577;0.0359548
1000;0.00259676;0.00191334;0.00900912;0.00183452;0.00240503;0.00184698;0.00372556;0.00270337;0.00188667;0.00188475
5000;0.0120722;0.00863108;0.0180359;0.0087808;0.0116292;0.00862059;0.0181537;0.0134821;0.00934851;0.0089927
10000;0.0244893;0.0176343;0.0292916;0.0175657;0.0228782;0.0177475;0.0325829;0.0245999;0.0184301;0.0178589
15000;0.0396714;0.0281734;0.0437732;0.0287245;0.0372032;0.0264084;0.0408949;0.032185;0.0278854;0.0268966
20000;0.0483294;0.0345877;0.0538477;0.0350143;0.0453622;0.0348015;0.0663099;0.0502794;0.0372146;0.0352812
