limite superior;tiempo clave user_id linear_probing;tiempo clave user_name linear_probing;tiempo clave user_name quadratic;tiempo clave user_id quadratic;tiempo clave user_id double;tiempo clave user_name double;tiempo clave user_name stl;tiempo clave user_id stl; tiempo clave user_name abierto;tiempo clave user_id abierto;
1000;6.30296e-08;2.7973e-07;4.0524e-07;6.073e-08;6.0906e-08;2.64666e-07;2.61674e-07;2.05775e-07;4.35915e-07;2.48104e-07
5000;8.00392e-08;3.49478e-07;5.11182e-07;7.02598e-08;6.57338e-08;3.83455e-07;2.72072e-07;2.09176e-07;4.23835e-07;2.5913e-07
10000;7.59768e-08;3.54992e-07;5.32536e-07;7.4209e-08;7.29384e-08;3.43506e-07;3.13474e-07;2.20451e-07;4.69095e-07;2.50108e-07
15000;7.9674e-08;2.92288e-07;4.03771e-07;7.06542e-08;1.27133e-07;3.05669e-07;3.00415e-07;2.23443e-07;6.55976e-07;3.91548e-07
20000;1.08255e-07;3.73404e-07;5.80278e-07;1.06148e-07;9.33038e-08;3.27247e-07;4.09128e-07;3.68695e-07;6.29838e-07;4.13637e-07
1000;6.9494e-08;3.4495e-07;4.39137e-07;7.07554e-08;6.93908e-08;3.27041e-07;3.03528e-07;2.66294e-07;4.82293e-07;2.69978e-07
5000;7.77086e-08;3.50464e-07;5.15456e-07;7.98876e-08;7.08446e-08;3.36614e-07;3.12377e-07;2.10043e-07;4.61902e-07;3.20585e-07
10000;8.4474e-08;3.79148e-07;5.30185e-07;8.49742e-08;8.06832e-08;3.33666e-07;2.9091e-07;2.23578e-07;5.47088e-07;2.6343e-07
15000;1.01222e-07;3.82093e-07;4.4863e-07;1.21809e-07;1.13195e-07;3.53894e-07;2.77418e-07;3.49215e-07;6.29938e-07;3.76752e-07
20000;1.17824e-07;3.75058e-07;6.41653e-07;9.9804e-08;9.6856e-08;3.34472e-07;2.97193e-07;2.31456e-07;5.55749e-07;4.21174e-07
1000;5.98156e-08;3.91716e-07;4.40661e-07;6.01136e-08;6.35986e-08;2.96439e-07;2.9986e-07;2.19205e-07;4.24198e-07;2.54374e-07
5000;8.91268e-08;3.84869e-07;5.2547e-07;7.12894e-08;6.75842e-08;3.71037e-07;2.75332e-07;2.27897e-07;5.43143e-07;3.3622e-07
10000;8.67588e-08;3.82003e-07;5.71578e-07;7.69996e-08;7.43586e-08;3.14841e-07;3.74882e-07;2.8913e-07;5.28383e-07;2.70924e-07
15000;9.47598e-08;3.20433e-07;4.25544e-07;1.13922e-07;1.05442e-07;4.0156e-07;3.61156e-07;3.08152e-07;5.79658e-07;4.1774e-07
20000;1.82714e-07;4.14846e-07;5.64432e-07;1.2e-07;1.21721e-07;3.68262e-07;3.95841e-07;2.91582e-07;6.57484e-07;4.78368e-07
1000;6.8547e-08;3.09495e-07;4.17577e-07;6.61882e-08;6.3106e-08;2.9231e-07;2.69995e-07;2.03815e-07;4.59456e-07;2.4908e-07
5000;9.4442e-08;4.04626e-07;5.96673e-07;9.42974e-08;7.88198e-08;3.44338e-07;5.69518e-07;4.77237e-07;5.56095e-07;3.23607e-07
10000;1.39567e-07;4.59368e-07;6.05516e-07;1.4565e-07;1.49996e-07;4.47434e-07;3.8473e-07;3.23374e-07;6.58705e-07;3.96232e-07
15000;1.52816e-07;4.68343e-07;4.23791e-07;1.63699e-07;1.57015e-07;4.09886e-07;3.75157e-07;2.88005e-07;7.05646e-07;4.84508e-07
20000;1.72414e-07;4.71377e-07;5.59174e-07;1.8589e-07;1.51015e-07;3.69546e-07;3.19677e-07;2.39446e-07;6.88893e-07;4.8374e-07
1000;5.8616e-08;2.92521e-07;3.97388e-07;6.12828e-08;6.0799e-08;2.67193e-07;2.62723e-07;2.06249e-07;4.25886e-07;2.34511e-07
5000;7.52776e-08;3.52723e-07;5.15002e-07;7.0898e-08;6.64048e-08;3.13901e-07;2.73934e-07;2.08262e-07;4.42061e-07;2.43282e-07
10000;7.71922e-08;3.49224e-07;5.20286e-07;8.71474e-08;7.66838e-08;3.00085e-07;2.86727e-07;2.41409e-07;5.86081e-07;4.01426e-07
15000;1.06112e-07;3.4294e-07;3.78265e-07;7.1416e-08;6.81194e-08;2.64397e-07;2.68827e-07;2.02414e-07;6.32361e-07;4.58568e-07
20000;8.04244e-08;3.63545e-07;5.49081e-07;1.04399e-07;9.29512e-08;3.15338e-07;2.81102e-07;2.17012e-07;4.61223e-07;2.98704e-07
1000;5.9029e-08;2.8809e-07;3.99547e-07;5.93038e-08;6.1229e-08;2.72081e-07;2.632e-07;2.03634e-07;4.11555e-07;2.36656e-07
5000;7.523e-08;3.63077e-07;5.99035e-07;7.29084e-08;6.57242e-08;3.04422e-07;2.73858e-07;2.10425e-07;4.40479e-07;2.40543e-07
10000;7.94044e-08;3.49084e-07;5.23822e-07;7.45648e-08;7.59608e-08;3.07755e-07;2.78356e-07;2.12839e-07;4.75944e-07;2.58248e-07
15000;6.67938e-08;2.93632e-07;3.73738e-07;6.7135e-08;6.9326e-08;2.81335e-07;2.71368e-07;2.03946e-07;4.94973e-07;2.96443e-07
20000;7.87412e-08;3.65561e-07;5.42285e-07;8.00674e-08;8.37842e-08;3.20061e-07;2.79696e-07;2.19297e-07;4.58048e-07;3.07814e-07
1000;5.88332e-08;2.93001e-07;4.01243e-07;5.98566e-08;6.1696e-08;2.8103e-07;2.61792e-07;2.06119e-07;4.4904e-07;2.3583e-07
5000;7.57274e-08;4.16717e-07;5.19148e-07;7.39054e-08;6.7691e-08;3.24193e-07;2.71347e-07;2.1662e-07;4.35615e-07;2.43777e-07
10000;7.9292e-08;3.67935e-07;5.19243e-07;7.30398e-08;7.13634e-08;3.41555e-07;2.80216e-07;2.11811e-07;4.90496e-07;2.46481e-07
15000;7.31148e-08;2.91859e-07;4.01333e-07;6.74676e-08;6.84782e-08;3.15077e-07;2.6564e-07;2.06437e-07;6.04293e-07;3.0206e-07
20000;7.96874e-08;3.40549e-07;5.19229e-07;7.78884e-08;7.8065e-08;3.14993e-07;2.80958e-07;2.1717e-07;4.46318e-07;2.95621e-07
1000;5.86762e-08;2.91048e-07;4.03919e-07;6.05764e-08;5.90382e-08;2.7272e-07;2.65402e-07;2.07482e-07;4.30991e-07;2.36188e-07
5000;8.23256e-08;3.42469e-07;6.21687e-07;7.42166e-08;7.13152e-08;3.06675e-07;2.68781e-07;2.07411e-07;4.57982e-07;2.46543e-07
10000;7.92234e-08;3.56775e-07;4.99317e-07;7.23178e-08;7.2164e-08;3.39588e-07;2.78509e-07;2.11249e-07;4.45043e-07;2.46456e-07
15000;6.86634e-08;3.10941e-07;3.74011e-07;6.96268e-08;6.85042e-08;2.72859e-07;2.66751e-07;2.04561e-07;5.2851e-07;2.90043e-07
20000;8.35788e-08;4.10614e-07;5.45577e-07;7.96898e-08;7.86684e-08;2.96073e-07;2.8638e-07;2.13446e-07;4.78767e-07;3.02408e-07
1000;6.29902e-08;2.87062e-07;4.18035e-07;5.90818e-08;6.21198e-08;2.83139e-07;2.60818e-07;2.07875e-07;4.17151e-07;2.33316e-07
5000;7.49928e-08;3.43919e-07;5.27027e-07;7.28246e-08;6.7817e-08;3.10922e-07;2.72789e-07;2.11512e-07;4.38303e-07;2.40604e-07
10000;7.84428e-08;3.37831e-07;5.18875e-07;7.5974e-08;7.32146e-08;3.72016e-07;2.80667e-07;2.12394e-07;4.63716e-07;2.47972e-07
15000;7.10236e-08;2.86968e-07;3.82311e-07;6.80562e-08;6.8926e-08;2.77567e-07;2.71002e-07;2.05623e-07;5.23555e-07;2.94127e-07
20000;8.04784e-08;3.48519e-07;5.47594e-07;8.50824e-08;7.83036e-08;3.09511e-07;2.81447e-07;2.28408e-07;4.61342e-07;3.08468e-07
1000;5.91482e-08;3.08461e-07;3.98352e-07;5.94914e-08;6.08858e-08;2.75899e-07;2.61019e-07;2.03282e-07;4.23424e-07;2.32844e-07
5000;7.74158e-08;3.5941e-07;5.32255e-07;7.12598e-08;6.93998e-08;3.10652e-07;2.72704e-07;2.08026e-07;4.38529e-07;2.59312e-07
10000;7.93734e-08;3.39299e-07;5.13972e-07;7.39306e-08;7.32728e-08;2.94041e-07;2.77975e-07;2.14588e-07;4.6487e-07;2.52105e-07
15000;6.70098e-08;2.85585e-07;3.89242e-07;6.93402e-08;7.4239e-08;2.88614e-07;2.75843e-07;2.00433e-07;5.30221e-07;2.90868e-07
20000;7.87776e-08;3.40782e-07;5.60452e-07;7.881e-08;7.6403e-08;3.1759e-07;2.76896e-07;2.17374e-07;4.35607e-07;3.00492e-07
1000;6.05762e-08;2.98819e-07;3.96418e-07;6.12788e-08;6.05582e-08;2.63745e-07;2.59083e-07;2.03131e-07;4.2034e-07;2.31377e-07
5000;7.53162e-08;3.44277e-07;5.09969e-07;6.92814e-08;7.03484e-08;3.01799e-07;2.70667e-07;2.09835e-07;4.35231e-07;2.46114e-07
10000;8.35534e-08;3.46581e-07;5.21464e-07;7.59254e-08;7.39928e-08;2.98056e-07;2.80132e-07;2.13872e-07;5.12222e-07;2.55687e-07
15000;6.69882e-08;2.82865e-07;3.91561e-07;7.1512e-08;7.07172e-08;2.76306e-07;2.65116e-07;2.07457e-07;4.96944e-07;3.21957e-07
20000;8.23056e-08;3.39534e-07;5.58422e-07;7.50562e-08;7.57254e-08;3.71184e-07;2.83036e-07;2.17304e-07;4.57049e-07;2.98212e-07
1000;6.04866e-08;2.94321e-07;4.06389e-07;6.05602e-08;5.92602e-08;2.7242e-07;2.62979e-07;2.08607e-07;4.30884e-07;2.2994e-07
5000;7.4515e-08;3.62454e-07;5.30041e-07;7.25612e-08;6.77236e-08;3.1407e-07;2.73749e-07;2.09332e-07;4.49371e-07;2.45932e-07
10000;7.8543e-08;3.5901e-07;5.05072e-07;7.59486e-08;7.19372e-08;3.01999e-07;2.81254e-07;2.16219e-07;4.70786e-07;2.44504e-07
15000;6.77596e-08;2.84049e-07;3.84933e-07;6.7601e-08;6.75072e-08;2.8782e-07;2.66573e-07;2.04338e-07;5.10271e-07;2.83944e-07
20000;8.02282e-08;3.37127e-07;5.26092e-07;7.81698e-08;7.6686e-08;3.22354e-07;2.80602e-07;2.14297e-07;4.6339e-07;3.03098e-07
1000;5.9906e-08;2.91344e-07;3.91166e-07;6.08398e-08;6.07798e-08;2.7884e-07;2.66542e-07;2.02402e-07;4.31136e-07;2.31957e-07
5000;7.6015e-08;3.45483e-07;5.08156e-07;7.27512e-08;6.81046e-08;3.10463e-07;2.73391e-07;2.09233e-07;4.50954e-07;2.45879e-07
10000;8.63362e-08;3.46338e-07;5.09593e-07;7.56866e-08;7.56046e-08;3.05116e-07;2.81706e-07;2.11384e-07;5.04206e-07;2.52225e-07
15000;7.512e-08;3.01974e-07;3.79277e-07;7.0556e-08;7.06206e-08;3.14908e-07;2.75551e-07;2.12963e-07;6.66403e-07;2.95656e-07
20000;8.1045e-08;3.58534e-07;5.19773e-07;7.73838e-08;7.59908e-08;3.14542e-07;2.79889e-07;2.24413e-07;4.46374e-07;3.04697e-07
1000;5.98348e-08;2.99743e-07;4.00383e-07;6.1812e-08;6.0271e-08;2.63489e-07;2.71536e-07;2.05043e-07;4.40969e-07;2.33114e-07
5000;7.13094e-08;3.43691e-07;6.15069e-07;6.8895e-08;6.64186e-08;3.12304e-07;2.71497e-07;2.07613e-07;4.4106e-07;2.45151e-07
10000;7.59772e-08;3.3774e-07;5.05467e-07;7.27374e-08;7.27846e-08;3.03632e-07;2.79451e-07;2.18054e-07;4.61152e-07;2.4902e-07
15000;7.0581e-08;2.83025e-07;4.55682e-07;6.82516e-08;6.6269e-08;2.63695e-07;2.67676e-07;2.05846e-07;4.97871e-07;2.86427e-07
20000;8.16878e-08;3.56486e-07;5.18562e-07;8.0552e-08;7.70074e-08;3.12951e-07;2.81128e-07;2.18901e-07;4.41903e-07;3.01382e-07
1000;6.01132e-08;2.98796e-07;4.03104e-07;5.93526e-08;6.10058e-08;2.87177e-07;2.69611e-07;2.10392e-07;4.29008e-07;2.30313e-07
5000;7.86676e-08;3.4192e-07;5.07778e-07;7.16284e-08;6.83262e-08;3.05017e-07;2.68723e-07;2.13261e-07;4.34132e-07;2.48759e-07
10000;7.92526e-08;3.46425e-07;5.28249e-07;7.49816e-08;7.17612e-08;3.36439e-07;2.77516e-07;2.14266e-07;4.90481e-07;2.49499e-07
15000;6.92742e-08;2.92593e-07;3.77209e-07;6.81802e-08;6.75716e-08;2.71489e-07;2.6684e-07;2.08875e-07;5.23974e-07;2.827e-07
20000;8.04766e-08;3.45876e-07;5.17493e-07;7.7299e-08;7.94078e-08;3.0325e-07;2.80643e-07;2.13811e-07;4.55907e-07;3.04768e-07
1000;6.0557e-08;2.97495e-07;4.08834e-07;5.97666e-08;6.13418e-08;2.69097e-07;2.60463e-07;2.03303e-07;4.33939e-07;2.31655e-07
5000;7.44338e-08;3.53343e-07;4.92479e-07;7.03456e-08;6.7422e-08;3.02808e-07;2.7404e-07;2.11092e-07;4.30205e-07;2.47297e-07
10000;7.85332e-08;3.52561e-07;5.43133e-07;7.4836e-08;7.09412e-08;3.25432e-07;2.77142e-07;2.145e-07;4.71567e-07;2.47515e-07
15000;6.62944e-08;2.77628e-07;4.29869e-07;6.79466e-08;7.14134e-08;2.76124e-07;2.64602e-07;2.06635e-07;5.2889e-07;2.91122e-07
20000;8.84426e-08;3.47769e-07;5.08093e-07;8.04044e-08;8.02008e-08;3.03799e-07;2.86892e-07;2.16538e-07;4.5664e-07;4.45422e-07
1000;6.0575e-08;2.92228e-07;4.04202e-07;5.99368e-08;6.08114e-08;2.66691e-07;2.64105e-07;2.05544e-07;4.39039e-07;2.2927e-07
5000;7.83196e-08;3.65901e-07;5.15456e-07;7.1107e-08;6.99362e-08;3.08978e-07;2.72005e-07;2.09673e-07;4.47454e-07;2.41377e-07
10000;7.64368e-08;3.60588e-07;5.15944e-07;7.33182e-08;7.34058e-08;3.1895e-07;2.80807e-07;2.14129e-07;4.78062e-07;2.49053e-07
15000;6.71542e-08;2.78309e-07;3.64295e-07;6.64004e-08;6.90342e-08;2.72303e-07;2.65975e-07;2.04888e-07;5.18301e-07;2.85738e-07
20000;7.90976e-08;3.44952e-07;5.31423e-07;7.59e-08;7.87914e-08;4.62088e-07;2.82154e-07;2.35542e-07;4.58089e-07;3.03198e-07
1000;6.06314e-08;2.92097e-07;4.16973e-07;6.08704e-08;6.16482e-08;2.6722e-07;2.66334e-07;2.09238e-07;4.40175e-07;2.33827e-07
5000;8.51422e-08;3.45303e-07;5.17423e-07;6.91388e-08;6.8408e-08;3.06881e-07;2.77169e-07;2.11234e-07;4.46866e-07;2.47752e-07
10000;7.92764e-08;3.39326e-07;5.20121e-07;7.3861e-08;7.34826e-08;3.00944e-07;2.79305e-07;2.14845e-07;4.42775e-07;2.49269e-07
15000;6.84516e-08;2.94235e-07;3.74528e-07;7.46346e-08;6.78064e-08;2.66118e-07;2.73522e-07;2.07776e-07;5.11916e-07;2.84221e-07
20000;8.3303e-08;3.78152e-07;7.10824e-07;7.93854e-08;7.87732e-08;3.21212e-07;2.85057e-07;2.19039e-07;4.75162e-07;3.13206e-07
1000;6.0392e-08;3.11709e-07;4.15473e-07;5.88428e-08;5.9336e-08;2.6506e-07;2.63284e-07;2.05576e-07;4.16368e-07;2.43756e-07
5000;7.49492e-08;3.65481e-07;5.08855e-07;7.19078e-08;6.6732e-08;3.03573e-07;2.71435e-07;2.04949e-07;4.63388e-07;2.45114e-07
10000;8.40188e-08;3.32775e-07;5.17064e-07;7.68744e-08;7.5809e-08;3.1224e-07;2.91188e-07;2.1185e-07;4.68434e-07;2.51805e-07
15000;6.85446e-08;2.87889e-07;3.89059e-07;6.86758e-08;6.88752e-08;2.78208e-07;2.67664e-07;2.09e-07;5.3312e-07;2.80279e-07
20000;8.14942e-08;3.48005e-07;5.34797e-07;7.87602e-08;7.95672e-08;3.16805e-07;2.80199e-07;2.15401e-07;4.6068e-07;3.02157e-07
1000;6.1224e-08;3.08377e-07;4.16798e-07;6.13388e-08;6.12746e-08;2.82054e-07;2.67722e-07;2.06549e-07;4.40832e-07;2.32841e-07
5000;8.1255e-08;3.63167e-07;6.39564e-07;7.32366e-08;6.7401e-08;3.33557e-07;2.7116e-07;2.0543e-07;4.33283e-07;2.48703e-07
10000;8.04214e-08;4.07161e-07;5.03336e-07;7.61358e-08;7.37342e-08;3.25931e-07;2.75932e-07;2.09843e-07;4.79529e-07;2.50777e-07
15000;7.08572e-08;2.90038e-07;3.82251e-07;7.12076e-08;6.54694e-08;2.6834e-07;2.72312e-07;2.06359e-07;5.06515e-07;2.8628e-07
20000;8.26758e-08;3.40637e-07;5.43368e-07;7.92358e-08;8.08868e-08;3.07824e-07;2.83661e-07;2.17004e-07;4.69719e-07;3.23544e-07
1000;6.01778e-08;3.03296e-07;4.19532e-07;6.07572e-08;6.00362e-08;2.69623e-07;2.62575e-07;2.04953e-07;4.32421e-07;2.30089e-07
5000;7.61946e-08;3.57947e-07;5.24229e-07;7.08506e-08;7.23216e-08;3.10168e-07;2.75e-07;2.12229e-07;4.38059e-07;2.40627e-07
10000;7.91328e-08;3.6976e-07;5.20577e-07;8.26184e-08;6.97006e-08;3.02524e-07;2.7611e-07;2.09438e-07;6.29225e-07;2.50331e-07
15000;6.69828e-08;3.13553e-07;4.4213e-07;6.80734e-08;6.8315e-08;3.3394e-07;2.64857e-07;2.03427e-07;5.17164e-07;2.79131e-07
20000;8.02484e-08;3.48643e-07;5.44924e-07;7.82976e-08;7.7091e-08;3.34574e-07;2.85328e-07;2.29231e-07;4.60564e-07;3.05287e-07
1000;6.09936e-08;3.19597e-07;4.04425e-07;5.9916e-08;6.15932e-08;3.25269e-07;2.62117e-07;2.06412e-07;4.26367e-07;2.3191e-07
5000;8.07586e-08;3.55524e-07;5.26072e-07;7.8286e-08;6.9669e-08;3.27239e-07;2.73378e-07;2.08954e-07;4.59117e-07;2.49895e-07
10000;8.0132e-08;3.50394e-07;5.17469e-07;7.38218e-08;7.10048e-08;2.9985e-07;2.76188e-07;2.10864e-07;4.65846e-07;2.49388e-07
15000;6.71126e-08;2.80195e-07;3.72622e-07;6.9195e-08;7.01842e-08;2.6955e-07;2.70969e-07;2.08534e-07;5.89667e-07;2.89648e-07
20000;1.21011e-07;3.38804e-07;5.13754e-07;8.00018e-08;7.96556e-08;3.01374e-07;2.82008e-07;2.19761e-07;4.51709e-07;3.05393e-07
1000;5.82864e-08;2.94122e-07;4.12616e-07;6.08838e-08;5.84924e-08;2.61786e-07;2.63873e-07;2.08077e-07;4.23802e-07;2.33689e-07
5000;7.52598e-08;4.10238e-07;5.14778e-07;7.1573e-08;7.23788e-08;3.18534e-07;2.74293e-07;2.12411e-07;4.57755e-07;2.45115e-07
10000;8.07232e-08;3.4241e-07;5.01659e-07;8.23438e-08;7.30656e-08;3.18445e-07;2.75488e-07;2.12495e-07;4.95263e-07;2.50639e-07
15000;7.01698e-08;2.86237e-07;3.76147e-07;6.98332e-08;6.77442e-08;2.78651e-07;2.68331e-07;2.04237e-07;5.07278e-07;2.99443e-07
20000;8.13148e-08;3.52582e-07;5.50433e-07;7.9636e-08;8.25144e-08;3.25811e-07;2.82695e-07;2.1416e-07;4.49923e-07;3.00706e-07
1000;5.97812e-08;2.99138e-07;4.12555e-07;6.06462e-08;5.91144e-08;2.78983e-07;2.61849e-07;2.06814e-07;4.29445e-07;2.36399e-07
5000;7.26338e-08;3.46296e-07;4.98804e-07;6.93704e-08;6.69934e-08;3.06167e-07;2.74032e-07;2.12902e-07;4.50069e-07;2.45252e-07
10000;7.77108e-08;3.5163e-07;5.16911e-07;7.7498e-08;7.3042e-08;3.1562e-07;2.78752e-07;2.10644e-07;4.76243e-07;2.60095e-07
15000;6.85754e-08;3.27739e-07;3.81006e-07;6.73568e-08;6.64906e-08;2.67299e-07;2.66085e-07;2.04224e-07;5.167e-07;2.80021e-07
20000;8.10188e-08;3.5016e-07;5.86665e-07;7.84668e-08;7.73708e-08;3.07152e-07;2.77436e-07;2.17655e-07;4.49351e-07;3.02394e-07
1000;6.15138e-08;2.9787e-07;3.92209e-07;6.03968e-08;6.12102e-08;2.67719e-07;2.62391e-07;2.09055e-07;4.25404e-07;2.53953e-07
5000;7.5347e-08;3.49152e-07;5.13705e-07;6.9039e-08;6.71648e-08;3.17949e-07;2.74828e-07;2.1378e-07;4.42498e-07;2.41495e-07
10000;7.71868e-08;3.48703e-07;5.11762e-07;7.4344e-08;7.71666e-08;3.13609e-07;2.76213e-07;2.11166e-07;4.6494e-07;2.61803e-07
15000;6.63644e-08;2.98842e-07;3.79642e-07;6.75856e-08;6.67386e-08;2.64648e-07;2.69438e-07;2.01871e-07;5.1714e-07;2.82548e-07
20000;8.351e-08;4.15734e-07;5.18826e-07;7.9698e-08;7.81548e-08;3.07292e-07;2.82347e-07;2.27329e-07;4.50633e-07;3.01002e-07
1000;6.0075e-08;2.96683e-07;4.20197e-07;6.07166e-08;5.87582e-08;2.75806e-07;2.62355e-07;2.05845e-07;4.25287e-07;2.33463e-07
5000;7.6439e-08;3.6816e-07;5.12868e-07;7.48706e-08;7.04298e-08;3.15294e-07;2.74402e-07;2.07453e-07;4.38311e-07;2.44167e-07
10000;8.42536e-08;3.44766e-07;5.18142e-07;7.24358e-08;7.14792e-08;3.23172e-07;2.75688e-07;2.10762e-07;5.02068e-07;2.49743e-07
15000;6.88724e-08;3.08852e-07;3.78569e-07;6.87602e-08;6.81792e-08;2.68393e-07;2.66355e-07;2.04337e-07;5.10252e-07;2.7749e-07
20000;8.05722e-08;3.43221e-07;5.24862e-07;7.77092e-08;7.60386e-08;3.01583e-07;2.80536e-07;2.12874e-07;4.42864e-07;3.04087e-07
1000;5.98114e-08;2.91014e-07;4.28624e-07;6.12566e-08;6.05082e-08;2.6325e-07;2.60373e-07;2.06498e-07;4.2899e-07;2.35797e-07
5000;7.6551e-08;3.60574e-07;5.24604e-07;7.27938e-08;6.91934e-08;3.01298e-07;2.74133e-07;2.09756e-07;4.38605e-07;2.43075e-07
10000;7.81186e-08;3.26767e-07;4.94531e-07;7.36232e-08;7.00512e-08;2.98438e-07;2.80353e-07;2.12815e-07;4.72968e-07;2.49675e-07
15000;6.81504e-08;3.22097e-07;3.80525e-07;6.98094e-08;6.88628e-08;2.74732e-07;2.69499e-07;2.01145e-07;4.99785e-07;2.87301e-07
20000;8.41464e-08;3.54017e-07;5.11975e-07;8.04832e-08;7.64096e-08;3.61133e-07;2.79549e-07;2.17108e-07;4.48141e-07;3.04112e-07
1000;5.96488e-08;2.93878e-07;3.9642e-07;6.16062e-08;6.0746e-08;2.66321e-07;2.62502e-07;2.01297e-07;4.30226e-07;2.29972e-07
5000;8.7177e-08;3.59357e-07;5.17981e-07;7.18046e-08;6.90624e-08;3.14962e-07;2.71744e-07;2.0878e-07;4.51641e-07;2.55982e-07
10000;8.05936e-08;4.15961e-07;5.04932e-07;7.48938e-08;7.3939e-08;2.98989e-07;2.77673e-07;2.11729e-07;6.32943e-07;2.50117e-07
15000;6.97764e-08;2.88177e-07;3.87169e-07;6.75026e-08;6.71464e-08;2.6628e-07;2.67678e-07;2.05567e-07;4.97506e-07;2.80065e-07
20000;7.89474e-08;3.30031e-07;4.9879e-07;8.04308e-08;7.49156e-08;3.53815e-07;2.82385e-07;2.24603e-07;4.50187e-07;3.05777e-07
1000;6.18732e-08;3.07015e-07;4.02189e-07;6.09874e-08;6.07116e-08;2.64641e-07;2.61509e-07;2.02768e-07;4.46766e-07;2.33016e-07
5000;8.0924e-08;3.45286e-07;5.02857e-07;7.02918e-08;6.73078e-08;3.04813e-07;2.7802e-07;2.10942e-07;4.43148e-07;2.52307e-07
10000;7.60264e-08;3.41738e-07;4.95936e-07;7.61622e-08;7.25716e-08;3.79319e-07;2.77905e-07;2.16221e-07;4.87463e-07;2.5138e-07
15000;6.86706e-08;2.89667e-07;4.62822e-07;6.86648e-08;6.61816e-08;2.6866e-07;2.71161e-07;2.07705e-07;5.1537e-07;2.8522e-07
20000;8.14984e-08;3.43305e-07;5.22168e-07;7.8711e-08;7.54106e-08;3.19099e-07;2.78938e-07;2.18798e-07;4.48886e-07;2.97388e-07
1000;6.14026e-08;2.87873e-07;4.03724e-07;5.95322e-08;5.91068e-08;2.63522e-07;2.61287e-07;2.06609e-07;4.19767e-07;2.3549e-07
5000;7.44934e-08;3.58313e-07;5.0944e-07;7.5179e-08;6.63278e-08;3.64233e-07;2.73601e-07;2.1195e-07;4.48357e-07;2.47669e-07
10000;7.99622e-08;3.33919e-07;5.08146e-07;8.01008e-08;7.3475e-08;2.99374e-07;2.79592e-07;2.17086e-07;4.82113e-07;2.51674e-07
15000;6.87148e-08;2.92301e-07;3.70182e-07;6.57256e-08;6.57814e-08;2.67381e-07;2.66027e-07;2.0657e-07;5.12217e-07;2.95506e-07
20000;8.45728e-08;3.36826e-07;5.22838e-07;8.12902e-08;7.85046e-08;3.09737e-07;2.77864e-07;2.17107e-07;4.97197e-07;2.98188e-07
1000;6.0124e-08;2.94112e-07;3.97368e-07;5.98456e-08;6.0638e-08;2.75717e-07;2.59418e-07;2.01382e-07;4.27385e-07;2.36162e-07
5000;7.54514e-08;3.80237e-07;5.1354e-07;7.14432e-08;6.80856e-08;3.20455e-07;2.71295e-07;2.16091e-07;4.44393e-07;2.38088e-07
10000;8.03476e-08;3.40584e-07;5.08075e-07;7.62316e-08;7.5654e-08;3.03698e-07;2.78119e-07;2.08025e-07;4.56837e-07;2.51355e-07
15000;6.78444e-08;3.60889e-07;3.6444e-07;6.84634e-08;6.92538e-08;2.69165e-07;2.64426e-07;2.05139e-07;5.11165e-07;2.98167e-07
20000;8.12e-08;3.38086e-07;5.25997e-07;7.8544e-08;7.78342e-08;3.29228e-07;2.76921e-07;2.19635e-07;4.38287e-07;2.95924e-07
1000;5.8754e-08;3.03666e-07;4.02852e-07;6.01524e-08;6.18098e-08;2.67457e-07;2.62677e-07;2.04069e-07;4.17941e-07;2.33149e-07
5000;7.32132e-08;3.5266e-07;5.09396e-07;6.94056e-08;7.11658e-08;3.13249e-07;2.72632e-07;2.12628e-07;4.49085e-07;2.42335e-07
10000;8.0527e-08;3.46117e-07;5.15101e-07;7.5812e-08;7.17974e-08;3.02985e-07;2.77982e-07;2.11865e-07;4.66677e-07;2.54124e-07
15000;6.73966e-08;2.82915e-07;4.3798e-07;6.6413e-08;6.78454e-08;2.80239e-07;2.65717e-07;2.02821e-07;5.09278e-07;2.82426e-07
20000;8.06198e-08;3.41864e-07;5.05292e-07;7.70952e-08;7.8215e-08;2.98163e-07;2.78869e-07;2.1308e-07;4.58915e-07;3.26878e-07
1000;5.89034e-08;3.00839e-07;3.96286e-07;6.10172e-08;5.96812e-08;2.74024e-07;2.61297e-07;2.09019e-07;4.17181e-07;2.31635e-07
5000;7.94548e-08;4.34945e-07;5.19092e-07;7.15464e-08;6.73266e-08;3.06061e-07;2.73073e-07;2.11819e-07;4.52779e-07;2.4459e-07
10000;7.88224e-08;3.5702e-07;5.16495e-07;7.39342e-08;7.30148e-08;3.16057e-07;2.76441e-07;2.15746e-07;4.89226e-07;2.46471e-07
15000;6.9566e-08;2.8897e-07;3.77763e-07;7.80502e-08;6.87052e-08;2.75889e-07;2.64304e-07;2.04908e-07;5.08935e-07;2.80633e-07
20000;7.98366e-08;3.39455e-07;5.39321e-07;7.91548e-08;7.55742e-08;3.18359e-07;2.79205e-07;2.21993e-07;4.4697e-07;3.00311e-07
1000;6.13812e-08;3.13365e-07;4.51347e-07;6.04216e-08;5.82806e-08;2.64147e-07;2.62918e-07;2.03979e-07;4.90522e-07;3.37573e-07
5000;7.44094e-08;3.39987e-07;5.11313e-07;7.07022e-08;7.44528e-08;3.1157e-07;2.68463e-07;2.11242e-07;4.35238e-07;2.38836e-07
10000;7.93314e-08;3.37884e-07;5.14076e-07;7.5698e-08;7.42104e-08;3.07319e-07;2.79286e-07;2.10279e-07;4.48072e-07;2.73063e-07
15000;6.7607e-08;3.06707e-07;3.84305e-07;6.6329e-08;6.72656e-08;2.8193e-07;2.68396e-07;2.11853e-07;5.23409e-07;2.92591e-07
20000;7.86148e-08;3.344e-07;5.38563e-07;7.64612e-08;7.72348e-08;3.05799e-07;2.79496e-07;2.14976e-07;4.55615e-07;3.01897e-07
1000;6.08754e-08;3.01887e-07;4.12981e-07;7.05788e-08;5.82984e-08;2.8163e-07;2.64105e-07;2.07039e-07;4.34093e-07;2.30884e-07
5000;7.59208e-08;3.66086e-07;5.01717e-07;7.35e-08;6.55202e-08;3.13079e-07;2.72922e-07;2.11343e-07;4.40266e-07;2.43235e-07
10000;8.46438e-08;3.62926e-07;5.12747e-07;7.73164e-08;7.34994e-08;3.03477e-07;2.79478e-07;2.17228e-07;5.99717e-07;2.50441e-07
15000;6.68642e-08;2.88594e-07;3.73783e-07;7.80832e-08;6.83906e-08;2.72656e-07;2.65589e-07;2.06103e-07;5.22195e-07;2.81197e-07
20000;8.0318e-08;3.48151e-07;5.22577e-07;7.83272e-08;7.7403e-08;3.10484e-07;2.78137e-07;2.1397e-07;4.44077e-07;3.04698e-07
1000;5.89166e-08;2.84737e-07;3.99219e-07;6.03596e-08;5.90156e-08;2.89098e-07;2.62232e-07;2.02729e-07;4.33514e-07;2.32054e-07
5000;7.75768e-08;3.48941e-07;5.21754e-07;7.1013e-08;6.91456e-08;3.0208e-07;2.72931e-07;2.11609e-07;4.41017e-07;2.40506e-07
10000;8.06386e-08;3.30598e-07;5.44132e-07;7.58116e-08;7.04366e-08;3.02034e-07;2.7631e-07;2.13339e-07;4.74669e-07;2.49385e-07
15000;6.82246e-08;2.78678e-07;3.8265e-07;6.92842e-08;6.9708e-08;2.84911e-07;2.6748e-07;2.04763e-07;5.02594e-07;2.92044e-07
20000;8.12272e-08;3.69916e-07;5.29071e-07;7.7967e-08;7.80108e-08;3.01457e-07;2.78099e-07;2.20714e-07;4.59399e-07;3.27062e-07
1000;5.95208e-08;3.00343e-07;4.0276e-07;5.98288e-08;6.02364e-08;2.81432e-07;2.61842e-07;2.03454e-07;4.36781e-07;2.42452e-07
5000;7.91642e-08;3.55637e-07;5.04919e-07;7.27384e-08;6.75942e-08;3.07601e-07;2.74613e-07;2.08809e-07;4.50283e-07;2.44712e-07
10000;8.2633e-08;3.4947e-07;5.61497e-07;7.48004e-08;7.7404e-08;3.02658e-07;2.80706e-07;2.10342e-07;4.57076e-07;2.54662e-07
15000;6.57188e-08;2.92835e-07;4.44031e-07;6.76164e-08;6.67164e-08;2.67946e-07;2.69839e-07;2.0722e-07;5.23116e-07;3.18979e-07
20000;8.07178e-08;3.53584e-07;5.52056e-07;8.02116e-08;7.645e-08;3.61445e-07;2.79576e-07;2.30238e-07;4.43716e-07;2.99029e-07
1000;5.96174e-08;2.91634e-07;4.02667e-07;5.93512e-08;6.10822e-08;2.70458e-07;2.64878e-07;2.06543e-07;4.15869e-07;2.30755e-07
5000;7.76348e-08;3.47233e-07;5.08168e-07;6.97786e-08;6.7677e-08;3.05453e-07;2.74448e-07;2.11502e-07;4.62451e-07;2.44278e-07
10000;7.81e-08;4.35139e-07;5.34146e-07;7.34734e-08;7.12146e-08;3.07885e-07;2.80254e-07;2.16083e-07;4.7096e-07;2.46827e-07
15000;6.87726e-08;3.44447e-07;4.62733e-07;6.67426e-08;6.62544e-08;2.95145e-07;2.73449e-07;2.02395e-07;5.30258e-07;2.8341e-07
20000;8.40804e-08;3.55448e-07;5.20847e-07;8.6841e-08;8.05866e-08;3.03085e-07;2.79378e-07;2.15312e-07;4.7408e-07;3.09041e-07
1000;6.3875e-08;2.99398e-07;4.19278e-07;6.09794e-08;6.0837e-08;2.73674e-07;2.59554e-07;2.05394e-07;4.33192e-07;2.43589e-07
5000;7.49562e-08;3.44346e-07;5.00211e-07;7.1716e-08;6.71992e-08;3.02502e-07;2.76938e-07;2.07309e-07;4.4838e-07;2.4452e-07
10000;8.5482e-08;3.54963e-07;4.98346e-07;7.39566e-08;7.2316e-08;3.11981e-07;2.80593e-07;2.14213e-07;4.7675e-07;2.45568e-07
15000;6.82936e-08;3.06412e-07;3.80526e-07;6.8793e-08;6.73304e-08;2.74095e-07;2.69459e-07;2.07315e-07;5.60189e-07;2.82794e-07
20000;8.2799e-08;3.35921e-07;5.65309e-07;7.74942e-08;8.07294e-08;3.00559e-07;2.80842e-07;2.13865e-07;4.37113e-07;3.02365e-07
1000;5.94928e-08;3.03722e-07;4.01736e-07;5.98912e-08;6.01844e-08;2.65084e-07;2.62151e-07;2.07964e-07;4.24572e-07;2.33938e-07
5000;8.05314e-08;3.41214e-07;4.97684e-07;7.07496e-08;6.72426e-08;3.01287e-07;2.74838e-07;2.07893e-07;4.43059e-07;2.48723e-07
10000;8.20162e-08;3.31931e-07;5.13801e-07;8.14436e-08;8.08268e-08;3.03744e-07;2.75857e-07;2.13462e-07;4.81506e-07;2.48782e-07
15000;7.37792e-08;2.87384e-07;3.83358e-07;6.96932e-08;6.77412e-08;2.73243e-07;2.6642e-07;2.04043e-07;5.28762e-07;2.9382e-07
20000;8.33132e-08;3.49773e-07;5.16199e-07;8.0751e-08;8.01322e-08;3.15888e-07;2.79194e-07;2.1631e-07;4.35953e-07;3.18475e-07
1000;6.2368e-08;3.1819e-07;4.1522e-07;6.08782e-08;6.09068e-08;2.77999e-07;2.70423e-07;2.10177e-07;4.41417e-07;2.35945e-07
5000;7.54002e-08;3.50351e-07;5.11159e-07;7.1404e-08;7.30556e-08;3.1151e-07;2.73808e-07;2.20323e-07;4.46071e-07;2.40758e-07
10000;8.73964e-08;3.48448e-07;5.05124e-07;7.51032e-08;7.48628e-08;3.05575e-07;2.77158e-07;2.16253e-07;5.0247e-07;2.46446e-07
15000;7.05754e-08;2.89498e-07;3.89059e-07;6.7319e-08;6.67856e-08;2.69182e-07;2.68422e-07;2.04224e-07;5.15872e-07;2.93663e-07
20000;8.19582e-08;3.39862e-07;5.19729e-07;7.63336e-08;8.00044e-08;3.02444e-07;2.78738e-07;2.28224e-07;4.69194e-07;3.01431e-07
1000;5.9608e-08;2.95843e-07;4.14861e-07;5.92338e-08;6.10366e-08;2.63803e-07;2.65332e-07;2.06075e-07;4.17063e-07;2.31197e-07
5000;7.3016e-08;3.51027e-07;5.13668e-07;6.97228e-08;6.55132e-08;3.09034e-07;2.75294e-07;2.13093e-07;4.56197e-07;3.16969e-07
10000;7.92898e-08;3.69701e-07;5.24087e-07;7.25516e-08;7.09862e-08;3.05372e-07;2.79875e-07;2.17977e-07;4.50723e-07;2.47986e-07
15000;6.956e-08;2.82264e-07;3.76767e-07;6.7566e-08;6.74136e-08;2.6204e-07;2.65857e-07;2.04464e-07;5.29138e-07;2.80803e-07
20000;7.96544e-08;3.78252e-07;6.59623e-07;7.89884e-08;8.16302e-08;3.15612e-07;2.8275e-07;2.15167e-07;4.44184e-07;3.10237e-07
1000;6.02672e-08;3.25268e-07;4.10277e-07;6.0207e-08;6.01586e-08;2.79312e-07;2.59691e-07;2.02526e-07;4.27038e-07;2.34382e-07
5000;7.52028e-08;3.4608e-07;5.0498e-07;6.9861e-08;6.8779e-08;3.02703e-07;2.7312e-07;2.06311e-07;4.38067e-07;2.421e-07
10000;8.29324e-08;3.46549e-07;5.0691e-07;7.60336e-08;7.1705e-08;3.45859e-07;2.81269e-07;2.15269e-07;4.89871e-07;2.49741e-07
15000;6.9609e-08;2.85093e-07;3.94701e-07;6.73686e-08;6.71342e-08;2.72248e-07;2.68615e-07;2.00802e-07;5.23425e-07;2.79977e-07
20000;8.03538e-08;3.77432e-07;5.19364e-07;7.66686e-08;7.72474e-08;3.03946e-07;2.79615e-07;2.13844e-07;4.35654e-07;2.98333e-07
1000;5.8776e-08;3.08908e-07;4.15477e-07;6.01918e-08;5.99634e-08;2.6741e-07;2.64043e-07;2.04483e-07;4.25602e-07;2.41783e-07
5000;7.57708e-08;3.43677e-07;5.25426e-07;7.5891e-08;6.69192e-08;3.16194e-07;2.76419e-07;2.08149e-07;4.46669e-07;2.42264e-07
10000;7.88606e-08;3.52547e-07;5.26949e-07;7.57504e-08;7.53942e-08;3.06629e-07;2.8023e-07;2.12591e-07;4.69011e-07;2.4724e-07
15000;6.71778e-08;2.95705e-07;3.74124e-07;6.7227e-08;6.95496e-08;3.14335e-07;2.70882e-07;2.06056e-07;5.20452e-07;2.80293e-07
20000;8.14912e-08;3.5661e-07;5.62401e-07;9.26962e-08;7.75036e-08;3.26659e-07;2.79359e-07;2.15207e-07;4.61132e-07;3.33704e-07
1000;5.92258e-08;3.11652e-07;3.92766e-07;6.01112e-08;6.68884e-08;3.21339e-07;2.59434e-07;2.03648e-07;4.25929e-07;2.40241e-07
5000;7.54156e-08;3.73177e-07;5.5362e-07;7.22344e-08;6.7842e-08;3.11771e-07;2.69478e-07;2.06709e-07;4.5723e-07;2.49898e-07
10000;7.7139e-08;3.43207e-07;5.27268e-07;7.30852e-08;7.03588e-08;3.2215e-07;2.78418e-07;2.13641e-07;4.84202e-07;2.47191e-07
15000;6.85034e-08;2.95672e-07;3.7305e-07;6.88092e-08;7.02044e-08;2.86934e-07;2.66682e-07;2.08606e-07;5.35094e-07;2.81567e-07
20000;7.90222e-08;4.26425e-07;5.07121e-07;7.85778e-08;7.5928e-08;3.08248e-07;2.80475e-07;2.26648e-07;4.63247e-07;3.02863e-07
1000;5.93836e-08;3.07599e-07;4.77747e-07;6.0735e-08;6.12818e-08;2.79123e-07;2.62498e-07;2.06723e-07;4.32008e-07;2.30313e-07
5000;7.36482e-08;4.32414e-07;5.06954e-07;7.19388e-08;6.75646e-08;3.04444e-07;2.74837e-07;2.10478e-07;4.44947e-07;2.4864e-07
10000;7.9978e-08;3.27303e-07;5.24719e-07;7.82184e-08;7.10418e-08;2.93639e-07;2.76789e-07;2.14652e-07;4.57474e-07;2.50719e-07
15000;6.80838e-08;2.90543e-07;3.79541e-07;6.72322e-08;6.63932e-08;2.75339e-07;2.71048e-07;2.05511e-07;5.3555e-07;2.84387e-07
20000;8.2835e-08;3.65241e-07;5.3787e-07;7.94862e-08;8.68114e-08;3.30499e-07;2.85299e-07;2.18228e-07;4.71413e-07;3.05052e-07
1000;6.03322e-08;3.04469e-07;4.06214e-07;5.98612e-08;6.25964e-08;2.63504e-07;2.62566e-07;2.03888e-07;4.49732e-07;2.39416e-07
5000;7.35614e-08;3.70058e-07;5.09736e-07;6.95494e-08;6.88598e-08;3.10678e-07;2.77683e-07;2.05277e-07;4.44239e-07;2.43976e-07
10000;8.68208e-08;3.50748e-07;5.12596e-07;7.86612e-08;7.15456e-08;3.20172e-07;2.76063e-07;2.08254e-07;4.9219e-07;2.51306e-07
15000;7.01604e-08;2.84535e-07;3.74758e-07;7.10848e-08;7.1862e-08;2.69831e-07;2.63291e-07;2.03963e-07;5.28149e-07;2.78443e-07
20000;8.10866e-08;3.42388e-07;5.27772e-07;7.8488e-08;7.86268e-08;3.10187e-07;2.81002e-07;2.17886e-07;4.55802e-07;3.00712e-07
1000;6.01192e-08;3.0473e-07;4.07513e-07;6.09814e-08;5.96566e-08;2.83805e-07;2.62609e-07;2.05241e-07;4.17567e-07;2.32649e-07
5000;7.4879e-08;4.44124e-07;5.21634e-07;9.55056e-08;6.90484e-08;3.14623e-07;2.77003e-07;2.08667e-07;4.44958e-07;2.51363e-07
10000;7.6072e-08;3.37872e-07;5.2942e-07;7.42768e-08;7.13486e-08;3.14006e-07;2.77974e-07;2.12737e-07;4.58324e-07;2.52197e-07
15000;7.03204e-08;3.52394e-07;3.82414e-07;7.00228e-08;6.85384e-08;2.70515e-07;2.63322e-07;2.0706e-07;5.22941e-07;2.83921e-07
20000;7.76564e-08;3.50666e-07;5.04961e-07;7.9379e-08;7.57356e-08;3.86044e-07;2.86673e-07;2.13748e-07;4.63601e-07;3.00915e-07
1000;6.25442e-08;2.98512e-07;4.01444e-07;6.05862e-08;6.0603e-08;2.74995e-07;2.64576e-07;2.0501e-07;4.30336e-07;2.37252e-07
5000;8.15344e-08;3.62743e-07;5.26935e-07;7.142e-08;7.053e-08;3.0946e-07;2.74637e-07;2.11246e-07;4.84239e-07;2.48757e-07
10000;7.80014e-08;3.36261e-07;4.96594e-07;7.5803e-08;7.04938e-08;3.02098e-07;2.76365e-07;2.14101e-07;4.91539e-07;2.48169e-07
15000;6.5923e-08;2.84737e-07;3.83086e-07;6.62354e-08;6.6873e-08;2.77373e-07;2.65293e-07;2.06381e-07;5.12804e-07;2.92746e-07
20000;8.13492e-08;3.51357e-07;5.07729e-07;8.0817e-08;7.84014e-08;3.14723e-07;2.78699e-07;2.26018e-07;4.39045e-07;2.9784e-07
1000;6.053e-08;2.86792e-07;4.90281e-07;6.14518e-08;5.9783e-08;2.65503e-07;2.6282e-07;2.04367e-07;4.06989e-07;2.30723e-07
5000;7.35158e-08;3.54294e-07;5.18474e-07;7.06122e-08;6.7244e-08;3.17242e-07;2.69958e-07;2.07672e-07;4.511e-07;2.47302e-07
10000;8.19114e-08;3.39754e-07;5.18346e-07;7.61042e-08;7.30708e-08;3.13761e-07;2.7832e-07;2.13114e-07;4.81182e-07;2.58047e-07
15000;6.9019e-08;2.87576e-07;3.70923e-07;6.7642e-08;6.86536e-08;2.67482e-07;2.68561e-07;2.04905e-07;5.11093e-07;2.86245e-07
20000;7.72828e-08;3.30967e-07;5.24564e-07;7.66524e-08;7.53684e-08;3.69152e-07;2.80005e-07;2.18657e-07;4.58441e-07;3.05098e-07
1000;5.84676e-08;3.00801e-07;4.50309e-07;5.8833e-08;6.29656e-08;2.77204e-07;2.61697e-07;2.11873e-07;4.23583e-07;2.33298e-07
5000;8.34448e-08;3.45855e-07;5.41025e-07;7.44094e-08;6.85378e-08;3.10249e-07;2.72189e-07;2.11814e-07;4.3225e-07;2.50135e-07
10000;7.84668e-08;3.48568e-07;5.86029e-07;7.67408e-08;7.21126e-08;2.98911e-07;2.76659e-07;2.11463e-07;4.96422e-07;2.4539e-07
15000;6.6423e-08;3.12554e-07;4.08579e-07;6.9057e-08;6.876e-08;2.83733e-07;2.63869e-07;2.06057e-07;5.16139e-07;2.84954e-07
20000;8.16828e-08;3.79762e-07;5.81576e-07;7.9686e-08;7.94574e-08;3.1109e-07;2.86683e-07;2.14132e-07;4.62306e-07;3.05649e-07
1000;5.94902e-08;3.01211e-07;3.9747e-07;5.88432e-08;5.91454e-08;2.63674e-07;2.63933e-07;2.04943e-07;4.29704e-07;2.34821e-07
5000;7.71748e-08;3.58047e-07;5.47442e-07;7.17408e-08;6.75846e-08;3.10617e-07;2.75473e-07;2.10276e-07;4.58136e-07;2.4672e-07
10000;7.88232e-08;3.56929e-07;5.19627e-07;7.47874e-08;7.15942e-08;3.04913e-07;2.74424e-07;2.20086e-07;4.8799e-07;2.47265e-07
15000;6.66924e-08;2.9642e-07;3.91771e-07;6.69902e-08;6.72918e-08;2.777e-07;2.71041e-07;2.07453e-07;5.28487e-07;2.83396e-07
20000;8.45456e-08;3.62518e-07;5.12002e-07;7.69688e-08;7.7242e-08;3.44157e-07;2.82255e-07;2.22567e-07;4.64163e-07;3.08378e-07
1000;6.08884e-08;3.03566e-07;3.9417e-07;6.11016e-08;5.90096e-08;2.71858e-07;2.61638e-07;2.06398e-07;4.23072e-07;2.32617e-07
5000;8.34706e-08;3.48103e-07;5.19691e-07;7.06122e-08;6.7343e-08;3.09969e-07;2.76041e-07;2.10822e-07;4.57247e-07;2.49605e-07
10000;7.98348e-08;3.40141e-07;5.07217e-07;7.47632e-08;7.01596e-08;3.11808e-07;2.81455e-07;2.14624e-07;4.61236e-07;2.51469e-07
15000;6.629e-08;2.90008e-07;3.93978e-07;6.83618e-08;6.71354e-08;2.77221e-07;2.67465e-07;2.03969e-07;5.06259e-07;3.00217e-07
20000;8.25478e-08;3.49015e-07;6.2523e-07;7.97902e-08;7.4523e-08;3.30034e-07;2.80974e-07;2.26385e-07;4.52372e-07;2.99985e-07
1000;6.03242e-08;3.63002e-07;4.24061e-07;5.87168e-08;6.04896e-08;2.68066e-07;2.6812e-07;2.05912e-07;4.24614e-07;2.31345e-07
5000;7.8414e-08;3.31446e-07;5.08876e-07;7.02242e-08;6.80486e-08;3.06742e-07;2.76306e-07;2.103e-07;4.38251e-07;2.40991e-07
10000;8.1149e-08;3.35695e-07;5.1393e-07;7.83264e-08;7.11354e-08;3.04616e-07;2.80664e-07;2.17885e-07;4.55666e-07;2.55841e-07
15000;7.01078e-08;3.02689e-07;3.88847e-07;7.06474e-08;7.40998e-08;3.03643e-07;2.69556e-07;2.03296e-07;6.40855e-07;2.84321e-07
20000;8.46548e-08;3.4292e-07;5.51301e-07;7.7107e-08;7.92356e-08;3.07731e-07;2.82153e-07;2.21308e-07;4.59221e-07;3.05781e-07
1000;6.06898e-08;3.0478e-07;4.11672e-07;6.0622e-08;6.10204e-08;2.65915e-07;2.60461e-07;2.04107e-07;4.16411e-07;2.31577e-07
5000;7.33104e-08;3.43802e-07;5.20034e-07;7.24038e-08;6.8003e-08;3.05918e-07;2.72045e-07;2.1255e-07;4.33892e-07;2.46791e-07
10000;7.96476e-08;3.35859e-07;5.19019e-07;7.56636e-08;7.43422e-08;3.08199e-07;2.77745e-07;2.1558e-07;4.90272e-07;2.55126e-07
15000;6.74386e-08;2.9785e-07;3.91868e-07;6.63204e-08;6.585e-08;2.69798e-07;2.67213e-07;2.05234e-07;5.10339e-07;2.8431e-07
20000;7.82578e-08;3.35156e-07;5.16455e-07;8.21504e-08;8.03438e-08;3.03224e-07;2.79386e-07;2.16304e-07;4.47925e-07;2.99938e-07
1000;5.97274e-08;3.02667e-07;4.07119e-07;6.14716e-08;5.97094e-08;2.74059e-07;2.61158e-07;2.068e-07;4.2909e-07;2.33255e-07
5000;7.39318e-08;3.52298e-07;5.13674e-07;7.3954e-08;6.88696e-08;3.09636e-07;2.74199e-07;2.07742e-07;4.58293e-07;2.39553e-07
10000;7.5521e-08;4.1507e-07;5.30587e-07;7.62136e-08;7.02416e-08;3.06672e-07;2.78339e-07;2.11667e-07;4.56254e-07;2.45304e-07
15000;6.99728e-08;2.803e-07;3.84982e-07;7.012e-08;7.07678e-08;2.90838e-07;2.66104e-07;2.08794e-07;5.23611e-07;2.85498e-07
20000;7.85004e-08;3.47298e-07;5.07296e-07;7.76068e-08;7.88058e-08;3.04904e-07;2.7979e-07;2.13371e-07;4.55313e-07;3.02725e-07
1000;5.86932e-08;3.06196e-07;4.05024e-07;5.96868e-08;6.33638e-08;2.55779e-07;2.59589e-07;2.05971e-07;4.21638e-07;2.34026e-07
5000;7.45836e-08;3.47059e-07;5.07436e-07;7.10462e-08;6.80216e-08;3.07806e-07;2.75544e-07;2.1059e-07;4.29405e-07;2.43615e-07
10000;8.14076e-08;3.3868e-07;5.1725e-07;7.6162e-08;7.4497e-08;3.01714e-07;2.81451e-07;2.1078e-07;4.67595e-07;2.50322e-07
15000;6.85808e-08;2.97812e-07;3.60322e-07;6.76302e-08;6.92454e-08;2.62252e-07;2.6527e-07;2.039e-07;5.13803e-07;2.96956e-07
20000;7.7482e-08;3.50763e-07;5.3955e-07;7.78102e-08;7.56656e-08;3.12576e-07;2.80795e-07;2.21771e-07;4.55041e-07;3.06699e-07
1000;6.02686e-08;3.07528e-07;4.09663e-07;6.07942e-08;6.2935e-08;2.78381e-07;2.71123e-07;2.07615e-07;4.369e-07;2.44663e-07
5000;8.07856e-08;3.48467e-07;5.17821e-07;7.18836e-08;6.99182e-08;3.05562e-07;2.70661e-07;2.11558e-07;4.46918e-07;2.49864e-07
10000;7.9539e-08;3.7144e-07;5.40533e-07;7.55274e-08;7.70204e-08;3.07793e-07;2.7812e-07;2.09482e-07;4.69873e-07;2.48153e-07
15000;6.97016e-08;2.86186e-07;3.79962e-07;6.68954e-08;6.63614e-08;2.71037e-07;2.66752e-07;2.06867e-07;5.27544e-07;2.92407e-07
20000;8.36268e-08;3.37634e-07;5.13261e-07;8.05078e-08;8.14786e-08;3.43891e-07;2.78795e-07;2.13885e-07;4.34595e-07;3.01018e-07
1000;5.95262e-08;3.35834e-07;4.08959e-07;5.99794e-08;5.88692e-08;2.81145e-07;2.61825e-07;2.10531e-07;4.36113e-07;2.38274e-07
5000;7.4388e-08;3.39191e-07;5.13966e-07;6.98224e-08;6.78e-08;3.1154e-07;2.69279e-07;2.1097e-07;4.42897e-07;2.59497e-07
10000;8.91176e-08;3.40507e-07;5.25324e-07;7.65652e-08;7.29932e-08;3.11368e-07;2.79246e-07;2.13647e-07;4.96328e-07;2.44389e-07
15000;6.97454e-08;3.03722e-07;3.70054e-07;6.96862e-08;6.86176e-08;3.28446e-07;2.65124e-07;2.03284e-07;5.1896e-07;2.85568e-07
20000;8.57068e-08;3.53412e-07;5.33033e-07;7.76576e-08;7.64396e-08;3.07601e-07;2.77922e-07;2.15297e-07;4.55139e-07;3.00857e-07
1000;5.97e-08;2.90959e-07;4.15185e-07;6.13266e-08;6.08694e-08;2.81773e-07;2.6035e-07;2.09254e-07;4.44629e-07;2.29629e-07
5000;7.84772e-08;3.36913e-07;5.10419e-07;7.20268e-08;7.14712e-08;2.98628e-07;2.71073e-07;2.11787e-07;4.3739e-07;2.6298e-07
10000;7.77294e-08;3.40738e-07;5.28926e-07;7.55754e-08;7.6363e-08;3.06991e-07;2.76389e-07;2.10544e-07;4.79732e-07;2.44143e-07
15000;6.84674e-08;2.86167e-07;3.64334e-07;6.85828e-08;6.67908e-08;2.7775e-07;2.65371e-07;2.07015e-07;6.90356e-07;3.12099e-07
20000;8.1379e-08;3.44397e-07;5.10261e-07;7.80472e-08;7.6304e-08;3.4268e-07;2.81914e-07;2.13085e-07;4.59552e-07;3.25483e-07
1000;6.06612e-08;3.12471e-07;4.09907e-07;6.17258e-08;5.9911e-08;2.76432e-07;2.64377e-07;2.04647e-07;4.31458e-07;2.34e-07
5000;7.73492e-08;3.67456e-07;5.39948e-07;7.00852e-08;6.57544e-08;3.02265e-07;2.78004e-07;2.14092e-07;4.47278e-07;2.4119e-07
10000;8.05114e-08;3.43063e-07;5.06279e-07;7.40922e-08;7.03032e-08;3.10926e-07;2.78206e-07;2.16067e-07;4.95544e-07;2.53336e-07
15000;6.74318e-08;3.01092e-07;3.80268e-07;6.81842e-08;6.61018e-08;3.33462e-07;2.66361e-07;2.00386e-07;5.35228e-07;2.88934e-07
20000;7.96808e-08;3.31696e-07;5.18505e-07;7.92834e-08;7.63554e-08;3.17808e-07;2.82886e-07;2.23261e-07;4.56085e-07;3.01514e-07
1000;6.0548e-08;3.13772e-07;3.86912e-07;6.0131e-08;6.0727e-08;2.71612e-07;2.61034e-07;2.06648e-07;4.29467e-07;2.41713e-07
5000;7.41728e-08;3.4477e-07;5.08384e-07;7.073e-08;6.65568e-08;3.05777e-07;2.73148e-07;2.1101e-07;4.40738e-07;2.45491e-07
10000;7.98572e-08;3.36139e-07;5.12776e-07;7.43106e-08;7.35904e-08;3.11053e-07;2.74596e-07;2.12494e-07;4.68862e-07;2.46194e-07
15000;6.8527e-08;2.87401e-07;3.903e-07;6.98434e-08;7.1639e-08;3.05952e-07;2.64802e-07;2.08236e-07;5.19376e-07;2.80365e-07
20000;8.18984e-08;3.42531e-07;5.89685e-07;8.19844e-08;7.8485e-08;3.03787e-07;2.78929e-07;2.14631e-07;4.53408e-07;3.03276e-07
1000;5.9958e-08;2.95593e-07;4.05068e-07;6.06482e-08;6.4897e-08;2.78472e-07;2.60583e-07;2.11636e-07;4.19002e-07;2.36885e-07
5000;7.40288e-08;3.50645e-07;5.08774e-07;7.07322e-08;7.17028e-08;3.03249e-07;2.76131e-07;2.10114e-07;4.37178e-07;2.44493e-07
10000;7.99734e-08;4.19385e-07;5.22015e-07;7.45844e-08;7.0293e-08;5.36533e-07;2.7762e-07;2.15853e-07;5.10063e-07;2.48065e-07
15000;6.8763e-08;2.90537e-07;3.77184e-07;6.81248e-08;6.61618e-08;2.7041e-07;2.67899e-07;2.06584e-07;5.01338e-07;2.89928e-07
20000;8.41006e-08;3.61214e-07;5.25748e-07;7.94116e-08;7.80522e-08;3.14871e-07;2.83121e-07;2.1813e-07;4.59486e-07;3.1069e-07
1000;6.27674e-08;3.16755e-07;4.93179e-07;6.17044e-08;6.17998e-08;2.89475e-07;2.70234e-07;2.13017e-07;4.30704e-07;2.33965e-07
5000;7.2543e-08;4.29701e-07;5.19769e-07;7.249e-08;6.81914e-08;3.13995e-07;2.75265e-07;2.10187e-07;4.24191e-07;2.45339e-07
10000;7.95286e-08;3.44576e-07;5.1371e-07;7.56704e-08;7.34056e-08;3.15236e-07;2.76647e-07;2.13351e-07;4.82813e-07;2.4779e-07
15000;6.83802e-08;3.40429e-07;3.75915e-07;6.72422e-08;6.78456e-08;2.76344e-07;2.67375e-07;2.04168e-07;5.31895e-07;2.94801e-07
20000;7.99386e-08;3.51413e-07;5.20776e-07;7.78792e-08;7.9253e-08;3.01391e-07;2.82891e-07;2.12839e-07;4.46613e-07;3.00817e-07
1000;6.13728e-08;3.01182e-07;4.0949e-07;5.93742e-08;6.23352e-08;2.95059e-07;2.65904e-07;2.05196e-07;4.31494e-07;2.31921e-07
5000;7.49884e-08;3.86427e-07;5.64821e-07;6.999e-08;6.75288e-08;3.03688e-07;2.70843e-07;2.12287e-07;4.3622e-07;2.44741e-07
10000;7.84744e-08;3.55863e-07;5.27588e-07;7.2589e-08;7.04684e-08;3.20585e-07;2.79132e-07;2.15172e-07;4.85754e-07;2.5419e-07
15000;6.78558e-08;2.8248e-07;3.80445e-07;6.87614e-08;7.01088e-08;2.7637e-07;2.69571e-07;2.10044e-07;5.15628e-07;2.82327e-07
20000;7.93696e-08;3.44335e-07;6.63802e-07;7.7512e-08;7.6546e-08;3.01399e-07;2.86092e-07;2.23925e-07;4.63347e-07;3.03133e-07
1000;6.03696e-08;3.01659e-07;4.15139e-07;5.96716e-08;6.20394e-08;2.75152e-07;2.6306e-07;2.10523e-07;4.20954e-07;2.31012e-07
5000;7.55446e-08;3.44496e-07;5.56821e-07;6.94484e-08;6.92132e-08;3.18579e-07;2.74482e-07;2.1189e-07;4.4312e-07;2.46529e-07
10000;8.41326e-08;4.26576e-07;5.39016e-07;7.69588e-08;7.2558e-08;3.32287e-07;2.84593e-07;2.20113e-07;6.30875e-07;2.51539e-07
15000;7.00116e-08;3.00491e-07;4.53195e-07;6.81802e-08;6.90628e-08;2.77057e-07;2.64132e-07;2.05721e-07;5.62306e-07;2.79329e-07
20000;7.89406e-08;4.22923e-07;5.26435e-07;7.99264e-08;7.76496e-08;3.10118e-07;2.80423e-07;2.14607e-07;4.56618e-07;3.06716e-07
1000;5.9922e-08;2.91315e-07;3.90198e-07;5.99664e-08;6.02396e-08;2.63636e-07;2.60701e-07;2.03749e-07;4.20063e-07;2.34754e-07
5000;8.0044e-08;3.72068e-07;5.11112e-07;6.80908e-08;6.49042e-08;3.16767e-07;2.744e-07;2.11931e-07;4.3839e-07;2.4161e-07
10000;8.0377e-08;3.47136e-07;5.04377e-07;7.7585e-08;7.3806e-08;3.11246e-07;2.79676e-07;2.11351e-07;4.86302e-07;2.51464e-07
15000;6.71198e-08;2.93983e-07;3.69307e-07;7.13428e-08;7.06218e-08;2.7112e-07;2.68543e-07;2.06019e-07;5.17586e-07;2.82072e-07
20000;8.05294e-08;3.4794e-07;5.18167e-07;8.27278e-08;7.5152e-08;3.05324e-07;2.80289e-07;2.15702e-07;4.4554e-07;3.0356e-07
1000;5.98924e-08;2.8979e-07;4.01654e-07;5.96454e-08;5.93864e-08;2.69947e-07;2.65697e-07;2.08002e-07;4.20898e-07;2.35433e-07
5000;7.43042e-08;3.54757e-07;4.89093e-07;7.00372e-08;6.89462e-08;2.99056e-07;2.76673e-07;2.11557e-07;4.3916e-07;2.44128e-07
10000;7.88358e-08;3.37815e-07;5.07435e-07;7.46512e-08;7.14314e-08;2.99804e-07;2.7313e-07;2.12269e-07;4.60492e-07;2.47774e-07
15000;6.85406e-08;2.85058e-07;3.77218e-07;6.74302e-08;6.6542e-08;2.82813e-07;2.73511e-07;2.0766e-07;5.22457e-07;2.88755e-07
20000;8.22614e-08;3.43678e-07;5.22585e-07;8.67006e-08;8.22036e-08;3.04706e-07;2.8155e-07;2.1442e-07;4.61412e-07;3.2664e-07
1000;5.79008e-08;3.04261e-07;4.12919e-07;5.96072e-08;6.17058e-08;2.63081e-07;2.59483e-07;2.05267e-07;4.16454e-07;2.33945e-07
5000;7.33954e-08;3.43327e-07;5.00371e-07;7.04246e-08;6.86704e-08;3.00316e-07;2.7577e-07;2.13169e-07;4.33386e-07;2.49614e-07
10000;8.0403e-08;3.41321e-07;5.18863e-07;7.70066e-08;7.2543e-08;3.17775e-07;2.79815e-07;2.10877e-07;4.78323e-07;2.49398e-07
15000;6.87588e-08;2.97379e-07;3.83276e-07;6.7782e-08;6.87856e-08;2.8954e-07;2.6821e-07;2.0824e-07;5.28437e-07;2.90041e-07
20000;7.961e-08;3.32869e-07;5.15064e-07;7.84362e-08;7.71226e-08;3.08665e-07;2.82035e-07;2.28248e-07;4.41685e-07;3.0595e-07
1000;5.98042e-08;2.93939e-07;4.17908e-07;6.09164e-08;6.10522e-08;2.77101e-07;2.64271e-07;2.11008e-07;4.28085e-07;2.36345e-07
5000;8.13506e-08;3.44024e-07;5.06421e-07;7.36762e-08;7.13804e-08;3.07871e-07;2.75667e-07;2.08218e-07;4.35545e-07;2.48746e-07
10000;7.75392e-08;3.67843e-07;5.10868e-07;7.526e-08;7.24606e-08;3.17081e-07;2.73976e-07;2.1389e-07;4.57485e-07;2.47752e-07
15000;6.72216e-08;2.89386e-07;3.74439e-07;6.77664e-08;6.82954e-08;2.67731e-07;2.69008e-07;2.06798e-07;5.48924e-07;2.82008e-07
20000;7.9783e-08;3.49095e-07;5.31356e-07;7.80916e-08;7.7392e-08;3.02835e-07;2.81239e-07;2.18476e-07;4.38399e-07;2.98255e-07
1000;6.02426e-08;2.90023e-07;4.24455e-07;6.04202e-08;6.05174e-08;2.93639e-07;2.64197e-07;2.04996e-07;4.22511e-07;2.3141e-07
5000;7.22004e-08;3.37308e-07;5.70324e-07;6.99204e-08;7.01084e-08;3.0384e-07;2.72144e-07;2.12046e-07;4.64381e-07;2.43705e-07
10000;8.18332e-08;3.56761e-07;6.05998e-07;7.85124e-08;7.4263e-08;2.99514e-07;2.77125e-07;2.12187e-07;4.72036e-07;2.47706e-07
15000;7.05378e-08;2.8181e-07;3.80692e-07;6.87498e-08;6.60538e-08;3.31683e-07;2.64778e-07;2.05044e-07;5.28499e-07;2.81897e-07
20000;8.89582e-08;3.47506e-07;5.30457e-07;8.12482e-08;7.77658e-08;3.09518e-07;2.80034e-07;2.20863e-07;4.43053e-07;3.05808e-07
1000;5.98694e-08;2.98848e-07;4.23296e-07;5.91094e-08;5.9674e-08;2.72565e-07;2.61525e-07;2.06675e-07;4.42853e-07;2.32927e-07
5000;7.26594e-08;3.38657e-07;5.32972e-07;7.02082e-08;6.68362e-08;3.07559e-07;2.72233e-07;2.09956e-07;4.3507e-07;2.40969e-07
10000;7.89618e-08;4.18871e-07;5.13651e-07;7.56628e-08;7.55804e-08;3.45872e-07;2.82524e-07;2.09558e-07;6.15433e-07;2.54225e-07
15000;7.03962e-08;2.87336e-07;3.88917e-07;6.99928e-08;6.79652e-08;2.72544e-07;2.71835e-07;2.10106e-07;5.4986e-07;2.78304e-07
20000;8.22508e-08;3.87638e-07;5.0178e-07;8.22798e-08;7.51616e-08;3.15598e-07;2.86488e-07;2.11999e-07;4.53223e-07;3.28942e-07
1000;6.07684e-08;3.06722e-07;4.04402e-07;6.0114e-08;6.18178e-08;2.62643e-07;2.60432e-07;2.07579e-07;4.15853e-07;2.2947e-07
5000;8.73566e-08;3.50771e-07;5.3172e-07;6.98612e-08;6.73222e-08;3.15089e-07;2.73151e-07;2.10316e-07;4.47263e-07;2.53326e-07
10000;1.38401e-07;3.48624e-07;6.03847e-07;8.01886e-08;7.05652e-08;3.9323e-07;2.87021e-07;2.17833e-07;7.2492e-07;2.54803e-07
15000;7.0228e-08;2.95671e-07;3.97295e-07;7.01592e-08;6.77828e-08;3.40559e-07;2.73262e-07;2.12265e-07;5.24733e-07;2.88142e-07
20000;7.92414e-08;3.61762e-07;5.42783e-07;7.74358e-08;7.69034e-08;3.12929e-07;2.796e-07;2.22253e-07;4.52316e-07;3.00636e-07
1000;5.96224e-08;2.95264e-07;4.1714e-07;6.15384e-08;6.19724e-08;2.73074e-07;2.64956e-07;2.04437e-07;4.31304e-07;2.34293e-07
5000;7.38082e-08;3.49529e-07;5.08867e-07;7.14332e-08;6.8247e-08;3.09668e-07;2.70192e-07;2.09617e-07;4.58574e-07;2.5123e-07
10000;7.85778e-08;3.67166e-07;5.2111e-07;7.6274e-08;7.3656e-08;3.10627e-07;2.76993e-07;2.10192e-07;4.84109e-07;2.63479e-07
15000;6.79398e-08;2.88669e-07;3.95271e-07;6.69426e-08;6.67908e-08;2.81174e-07;2.64784e-07;2.02063e-07;5.09329e-07;2.83177e-07
20000;8.08516e-08;3.35652e-07;5.20643e-07;7.70338e-08;7.98372e-08;3.76423e-07;2.80176e-07;2.16479e-07;4.48874e-07;2.99561e-07
1000;5.94966e-08;2.83371e-07;4.17674e-07;5.97462e-08;5.88824e-08;2.73746e-07;2.62282e-07;2.00795e-07;4.17151e-07;2.38006e-07
5000;8.59418e-08;3.48835e-07;5.23828e-07;6.91998e-08;6.78878e-08;3.00181e-07;2.70111e-07;2.08363e-07;4.34979e-07;2.58239e-07
10000;7.76162e-08;3.38672e-07;5.1679e-07;7.52788e-08;7.89606e-08;3.07691e-07;2.77286e-07;2.12006e-07;5.06315e-07;2.45343e-07
15000;6.60804e-08;2.91931e-07;3.75493e-07;6.53468e-08;6.6552e-08;2.92159e-07;2.68451e-07;2.04565e-07;5.14365e-07;2.82587e-07
20000;8.03498e-08;3.45921e-07;5.4109e-07;7.88664e-08;7.73152e-08;3.25249e-07;2.80245e-07;2.14148e-07;4.45975e-07;3.00902e-07
1000;6.03224e-08;3.0077e-07;4.02221e-07;6.11556e-08;6.04116e-08;2.72585e-07;2.61541e-07;2.06961e-07;4.21349e-07;2.36244e-07
5000;7.60598e-08;3.51721e-07;4.95636e-07;6.87984e-08;6.64796e-08;3.10619e-07;2.71782e-07;2.18013e-07;4.50202e-07;2.49549e-07
10000;7.83944e-08;3.34106e-07;5.34581e-07;7.4713e-08;7.5351e-08;3.02005e-07;2.76468e-07;2.14731e-07;4.55082e-07;2.46208e-07
15000;6.75436e-08;3.52686e-07;3.64958e-07;6.85656e-08;6.60782e-08;2.82464e-07;2.69251e-07;2.01684e-07;5.30646e-07;2.76246e-07
20000;8.1148e-08;3.40446e-07;5.22366e-07;7.64464e-08;7.94326e-08;3.16245e-07;2.80635e-07;2.17824e-07;4.73277e-07;3.28544e-07
1000;6.23002e-08;2.958e-07;3.92409e-07;5.99084e-08;5.99506e-08;2.77046e-07;2.6442e-07;2.02879e-07;4.33952e-07;2.31244e-07
5000;7.22386e-08;3.86022e-07;5.17716e-07;6.94566e-08;6.9727e-08;3.11505e-07;2.72292e-07;2.12577e-07;4.37773e-07;2.49649e-07
10000;7.69912e-08;3.36906e-07;5.00379e-07;7.3671e-08;7.14844e-08;2.94646e-07;2.76863e-07;2.09877e-07;4.64046e-07;2.51617e-07
15000;6.72972e-08;3.6312e-07;3.71819e-07;6.79326e-08;6.67432e-08;2.74703e-07;2.67126e-07;2.04675e-07;5.19306e-07;2.78224e-07
20000;8.28848e-08;3.88503e-07;5.43891e-07;7.51506e-08;7.77048e-08;3.17106e-07;2.78381e-07;2.22241e-07;4.51534e-07;2.99095e-07
1000;5.83962e-08;3.02538e-07;4.12773e-07;5.894e-08;5.9405e-08;2.80912e-07;2.588e-07;2.0733e-07;4.38188e-07;2.30343e-07
5000;9.41908e-08;3.49756e-07;6.17561e-07;7.13674e-08;6.93288e-08;3.05063e-07;2.74442e-07;2.10881e-07;4.40939e-07;2.41808e-07
10000;8.20552e-08;3.4554e-07;4.90887e-07;7.97364e-08;7.43786e-08;3.00821e-07;2.87101e-07;2.12206e-07;6.22466e-07;2.51575e-07
15000;6.792e-08;2.88106e-07;3.75306e-07;6.72504e-08;6.9661e-08;2.67866e-07;2.66759e-07;2.06946e-07;5.0215e-07;2.85848e-07
20000;7.81938e-08;3.5851e-07;5.46469e-07;7.75084e-08;7.53172e-08;3.02153e-07;2.83793e-07;2.15206e-07;4.48546e-07;3.00769e-07
1000;6.0617e-08;2.95034e-07;4.22933e-07;6.03276e-08;5.91348e-08;2.63088e-07;2.61605e-07;2.05601e-07;4.33075e-07;2.38132e-07
5000;7.51942e-08;3.478e-07;5.0138e-07;7.09108e-08;7.02454e-08;3.08117e-07;2.72811e-07;2.15584e-07;4.36719e-07;2.42794e-07
10000;7.95426e-08;4.26066e-07;5.28031e-07;7.82566e-08;7.1756e-08;3.70237e-07;2.75769e-07;2.17479e-07;4.72467e-07;2.52843e-07
15000;6.8213e-08;2.88261e-07;3.75915e-07;6.68304e-08;6.66362e-08;2.66695e-07;2.63984e-07;2.04721e-07;5.32167e-07;2.85999e-07
20000;8.05856e-08;3.79824e-07;5.16699e-07;7.8252e-08;7.77794e-08;5.45534e-07;2.78508e-07;2.1249e-07;4.54803e-07;3.00436e-07
1000;6.03178e-08;2.9261e-07;4.00264e-07;6.0955e-08;5.94504e-08;2.65745e-07;2.67907e-07;2.09509e-07;4.24032e-07;2.29731e-07
5000;8.7788e-08;3.55015e-07;5.10868e-07;7.09572e-08;6.64634e-08;3.17401e-07;2.70625e-07;2.12966e-07;4.364e-07;2.56097e-07
10000;7.76572e-08;3.7889e-07;5.16769e-07;7.59506e-08;7.24944e-08;3.0654e-07;2.76215e-07;2.15853e-07;4.70886e-07;2.48677e-07
15000;6.62064e-08;2.95264e-07;3.83604e-07;7.0465e-08;6.62894e-08;2.87367e-07;2.68192e-07;2.09003e-07;5.17286e-07;2.86406e-07
20000;8.09428e-08;3.62098e-07;5.33565e-07;8.25286e-08;8.24556e-08;3.2024e-07;2.8e-07;2.12229e-07;4.78209e-07;3.33983e-07
1000;5.81602e-08;2.89697e-07;3.97216e-07;6.10388e-08;5.99418e-08;2.73416e-07;2.64825e-07;2.08645e-07;4.28349e-07;2.33086e-07
5000;7.36064e-08;3.44936e-07;5.16031e-07;7.14776e-08;6.97776e-08;3.02378e-07;2.76096e-07;2.13293e-07;4.36928e-07;2.44652e-07
10000;7.59856e-08;3.52609e-07;5.2449e-07;7.4314e-08;7.70344e-08;3.15622e-07;2.76931e-07;2.1018e-07;4.69991e-07;2.4842e-07
15000;6.7371e-08;2.83047e-07;4.24877e-07;6.83718e-08;7.00454e-08;2.69176e-07;2.65532e-07;2.05802e-07;5.31986e-07;2.81264e-07
20000;8.1492e-08;3.46037e-07;5.55159e-07;7.91242e-08;7.8209e-08;3.13794e-07;2.80388e-07;2.30506e-07;4.50624e-07;3.12067e-07
1000;6.09486e-08;2.8974e-07;3.95961e-07;6.02008e-08;6.01464e-08;2.62737e-07;2.64754e-07;2.04449e-07;4.34563e-07;2.33645e-07
5000;8.25644e-08;3.53651e-07;5.15543e-07;7.04928e-08;6.81588e-08;3.13631e-07;2.70705e-07;2.12687e-07;4.42594e-07;2.6152e-07
10000;8.17238e-08;3.96051e-07;5.16599e-07;7.31238e-08;7.0735e-08;3.02593e-07;2.81904e-07;2.23333e-07;4.83978e-07;2.55723e-07
15000;6.94576e-08;2.82489e-07;3.72201e-07;6.75486e-08;6.73334e-08;2.76826e-07;2.66768e-07;2.07497e-07;5.27067e-07;2.86153e-07
20000;8.0065e-08;3.47861e-07;5.05507e-07;7.63866e-08;7.71328e-08;3.09022e-07;2.78434e-07;2.14733e-07;4.40985e-07;3.85082e-07
1000;6.00578e-08;3.01024e-07;4.01513e-07;6.07076e-08;6.01292e-08;2.67611e-07;2.65842e-07;2.10147e-07;4.34039e-07;2.31864e-07
5000;7.87442e-08;3.73856e-07;5.20811e-07;6.90726e-08;6.67262e-08;3.1273e-07;2.73115e-07;2.0984e-07;4.44956e-07;2.46103e-07
10000;8.25646e-08;3.53773e-07;5.68187e-07;7.5035e-08;7.34122e-08;3.12522e-07;2.7839e-07;2.1029e-07;4.62479e-07;2.48342e-07
15000;6.68148e-08;2.86344e-07;3.74438e-07;6.97296e-08;6.73738e-08;2.70961e-07;2.69245e-07;2.05959e-07;5.17016e-07;2.87743e-07
20000;7.85048e-08;3.35088e-07;5.20168e-07;7.95884e-08;7.5705e-08;2.95669e-07;2.83096e-07;2.47901e-07;4.52195e-07;3.0551e-07
1000;6.14784e-08;2.90515e-07;4.07973e-07;5.9762e-08;6.18964e-08;2.63805e-07;2.63337e-07;2.07643e-07;4.46682e-07;2.33078e-07
5000;8.06358e-08;3.62674e-07;6.01561e-07;6.94436e-08;6.69818e-08;3.04619e-07;2.79007e-07;2.11678e-07;4.51987e-07;2.44897e-07
10000;7.64054e-08;3.4787e-07;5.21477e-07;7.66018e-08;7.11332e-08;3.24247e-07;2.77154e-07;2.1354e-07;4.89389e-07;2.52582e-07
15000;6.78838e-08;2.96515e-07;3.95994e-07;7.04738e-08;6.66346e-08;2.65464e-07;2.64937e-07;2.08695e-07;5.20585e-07;2.84581e-07
20000;8.08612e-08;3.5266e-07;5.28191e-07;8.1549e-08;8.17466e-08;3.13406e-07;2.81582e-07;2.16813e-07;4.45079e-07;3.18148e-07
1000;5.97724e-08;2.86234e-07;3.96613e-07;6.0052e-08;6.01546e-08;2.59934e-07;2.6573e-07;2.02973e-07;4.27903e-07;2.35086e-07
5000;7.52942e-08;3.57504e-07;5.13849e-07;6.97356e-08;6.905e-08;3.11255e-07;2.70755e-07;2.07584e-07;4.52541e-07;2.51818e-07
10000;7.79718e-08;3.52039e-07;6.07695e-07;7.4487e-08;7.17428e-08;3.05355e-07;2.8393e-07;2.09043e-07;4.75301e-07;3.00805e-07
15000;6.96248e-08;2.82791e-07;4.16689e-07;6.88324e-08;6.8589e-08;2.82455e-07;2.69655e-07;2.02562e-07;5.42918e-07;2.81442e-07
20000;7.86934e-08;3.31511e-07;5.16398e-07;8.2679e-08;7.67214e-08;3.08499e-07;2.89686e-07;2.1882e-07;4.41668e-07;3.02995e-07
1000;5.89736e-08;3.42206e-07;3.9762e-07;5.92866e-08;5.92734e-08;2.96748e-07;2.659e-07;2.04978e-07;4.29059e-07;2.3192e-07
5000;7.44802e-08;3.69247e-07;5.18476e-07;7.20082e-08;6.84638e-08;3.21281e-07;2.71889e-07;2.13472e-07;4.48765e-07;2.42285e-07
10000;7.93314e-08;3.41369e-07;5.14696e-07;7.37676e-08;7.26524e-08;3.08338e-07;2.81428e-07;2.1221e-07;4.70761e-07;2.47662e-07
15000;6.71436e-08;2.7749e-07;3.78933e-07;7.26424e-08;6.8541e-08;2.85991e-07;2.70196e-07;2.04073e-07;5.33193e-07;2.86754e-07
20000;7.989e-08;3.54284e-07;5.24055e-07;8.4216e-08;7.92856e-08;3.19241e-07;2.80979e-07;2.14265e-07;4.44928e-07;3.06288e-07
1000;6.07144e-08;2.92327e-07;4.07568e-07;5.98004e-08;5.9788e-08;2.64855e-07;2.6391e-07;2.06537e-07;4.2698e-07;2.28984e-07
5000;7.30586e-08;3.44766e-07;5.91839e-07;7.1657e-08;7.04082e-08;3.01784e-07;2.72901e-07;2.12603e-07;4.45426e-07;2.40223e-07
10000;7.7537e-08;3.34683e-07;5.32941e-07;7.71162e-08;7.13516e-08;3.09626e-07;2.79339e-07;2.10782e-07;4.86734e-07;2.49268e-07
15000;6.8471e-08;2.83412e-07;4.29359e-07;6.8264e-08;6.68474e-08;2.81475e-07;2.63744e-07;2.08227e-07;5.34348e-07;2.77401e-07
20000;7.92694e-08;3.32777e-07;5.24408e-07;7.52668e-08;7.78242e-08;3.21268e-07;2.82002e-07;2.12553e-07;4.58176e-07;3.46068e-07
1000;7.1244e-08;3.11725e-07;4.34996e-07;7.0399e-08;6.80102e-08;2.72393e-07;2.62652e-07;2.05379e-07;4.67177e-07;2.63117e-07
5000;7.81728e-08;3.69727e-07;5.45076e-07;7.18942e-08;6.7596e-08;3.32512e-07;2.83479e-07;2.12861e-07;4.46141e-07;2.46134e-07
10000;7.65124e-08;3.32465e-07;5.11802e-07;8.31912e-08;7.20868e-08;3.04173e-07;2.79683e-07;2.17152e-07;4.799e-07;2.55666e-07
15000;6.8698e-08;2.80177e-07;3.73218e-07;6.76614e-08;7.60288e-08;2.79786e-07;2.67633e-07;2.02318e-07;5.36897e-07;2.85547e-07
20000;8.14088e-08;3.82209e-07;5.52837e-07;7.71658e-08;7.98608e-08;3.08714e-07;2.80686e-07;2.1623e-07;4.54495e-07;3.10421e-07
1000;6.45778e-08;3.08168e-07;3.92572e-07;6.10276e-08;6.09118e-08;2.68306e-07;2.64119e-07;2.06695e-07;7.33749e-07;2.32879e-07
5000;7.57762e-08;3.46489e-07;5.20679e-07;7.20018e-08;6.89864e-08;3.17681e-07;2.70717e-07;2.08606e-07;4.55441e-07;2.46745e-07
10000;7.93728e-08;3.38782e-07;5.50877e-07;7.47688e-08;7.36748e-08;2.96523e-07;2.81133e-07;2.12825e-07;4.52975e-07;2.48201e-07
15000;6.72482e-08;3.04276e-07;3.65702e-07;6.85866e-08;6.5965e-08;2.77548e-07;2.70404e-07;2.04267e-07;5.83167e-07;2.82437e-07
20000;8.32686e-08;3.48938e-07;5.37752e-07;7.90498e-08;8.01858e-08;3.13399e-07;2.82052e-07;2.24807e-07;4.60294e-07;3.06808e-07
1000;6.1055e-08;3.16188e-07;4.30278e-07;6.16956e-08;6.03502e-08;2.93709e-07;2.65615e-07;2.24531e-07;4.48391e-07;2.31513e-07
5000;1.03326e-07;3.46627e-07;5.26545e-07;7.02236e-08;6.75098e-08;3.05363e-07;2.68734e-07;2.10888e-07;4.44675e-07;2.5338e-07
10000;7.97088e-08;3.87043e-07;5.18572e-07;7.43442e-08;7.11304e-08;3.04141e-07;2.77251e-07;2.13396e-07;4.65324e-07;2.54756e-07
15000;6.97304e-08;2.82407e-07;3.92762e-07;6.75858e-08;7.07702e-08;2.76743e-07;2.6705e-07;2.0211e-07;5.12165e-07;2.94215e-07
20000;7.74826e-08;3.52234e-07;5.03823e-07;7.59726e-08;7.4195e-08;3.18007e-07;2.78992e-07;2.1898e-07;4.47365e-07;3.02812e-07
1000;5.97758e-08;2.9425e-07;3.99819e-07;5.93202e-08;6.02956e-08;2.63732e-07;2.61265e-07;2.08776e-07;4.18602e-07;2.35556e-07
5000;7.94992e-08;3.37718e-07;5.27447e-07;7.16634e-08;6.8969e-08;2.95025e-07;2.76172e-07;2.10146e-07;4.33019e-07;2.42938e-07
10000;7.78972e-08;3.57991e-07;5.22841e-07;7.51726e-08;7.34472e-08;3.41687e-07;2.78088e-07;2.12711e-07;5.08562e-07;2.50033e-07
15000;6.6854e-08;2.95067e-07;3.66195e-07;6.78422e-08;6.75908e-08;2.87959e-07;2.72172e-07;2.03441e-07;5.41539e-07;2.77537e-07
20000;8.03538e-08;3.76458e-07;5.31137e-07;8.63618e-08;7.72382e-08;3.10419e-07;2.78521e-07;2.15419e-07;4.54972e-07;2.99574e-07
1000;5.8022e-08;3.08151e-07;4.00137e-07;6.08904e-08;5.99194e-08;2.69902e-07;2.65003e-07;2.03261e-07;4.25605e-07;2.34379e-07
5000;8.87006e-08;3.42802e-07;5.15227e-07;7.38876e-08;6.82642e-08;3.49373e-07;2.7139e-07;2.09994e-07;4.31478e-07;2.43033e-07
10000;8.30716e-08;3.58962e-07;5.08955e-07;7.4005e-08;7.1995e-08;2.95968e-07;2.79639e-07;2.14198e-07;4.68255e-07;2.47481e-07
15000;6.61518e-08;2.80293e-07;3.83117e-07;6.59488e-08;6.83054e-08;2.72006e-07;2.67292e-07;2.06394e-07;5.18947e-07;2.81007e-07
20000;8.0193e-08;3.56872e-07;5.16914e-07;8.43644e-08;7.66212e-08;3.02947e-07;2.80317e-07;2.18767e-07;4.508e-07;3.02956e-07
1000;5.94944e-08;3.10154e-07;4.04195e-07;5.9988e-08;6.14856e-08;2.697e-07;2.5975e-07;2.03239e-07;4.42088e-07;2.41939e-07
5000;7.39046e-08;4.38339e-07;5.21746e-07;7.06502e-08;6.87748e-08;3.04899e-07;2.73485e-07;2.10273e-07;4.44679e-07;2.39938e-07
10000;7.66518e-08;3.64507e-07;5.13062e-07;7.40926e-08;7.3708e-08;3.17396e-07;2.7484e-07;2.09166e-07;4.64226e-07;2.43373e-07
15000;7.02854e-08;2.79854e-07;3.67715e-07;6.78856e-08;6.7649e-08;2.72986e-07;2.69349e-07;2.05349e-07;5.1098e-07;2.87444e-07
20000;8.01482e-08;3.44196e-07;5.22175e-07;7.83478e-08;7.69606e-08;3.59882e-07;2.78866e-07;2.2634e-07;4.48006e-07;2.98222e-07
1000;5.91624e-08;2.886e-07;4.08002e-07;5.9247e-08;6.06788e-08;2.9547e-07;2.61034e-07;2.08453e-07;4.37446e-07;2.36612e-07
5000;8.11554e-08;3.43204e-07;5.0183e-07;7.06748e-08;6.7417e-08;3.27258e-07;2.72357e-07;2.13551e-07;4.53512e-07;2.51254e-07
10000;8.76274e-08;4.78259e-07;5.22001e-07;7.66882e-08;7.30972e-08;3.19741e-07;2.84187e-07;2.14732e-07;5.06736e-07;2.55007e-07
15000;6.70568e-08;2.87734e-07;3.88097e-07;6.92184e-08;6.71978e-08;2.72764e-07;2.6682e-07;2.0648e-07;5.38998e-07;2.82434e-07
20000;7.9635e-08;3.5788e-07;5.14935e-07;7.78478e-08;8.4204e-08;2.97626e-07;2.80554e-07;2.156e-07;4.51765e-07;3.1563e-07
1000;6.05108e-08;2.88508e-07;4.9853e-07;6.03208e-08;6.03988e-08;2.61992e-07;2.64723e-07;2.10689e-07;4.21273e-07;2.33133e-07
5000;7.6064e-08;3.62164e-07;5.16059e-07;7.01124e-08;6.93962e-08;3.12903e-07;2.7074e-07;2.08876e-07;4.38749e-07;2.42487e-07
10000;8.10566e-08;3.34087e-07;5.13729e-07;7.5112e-08;7.26556e-08;3.11797e-07;2.76307e-07;2.14548e-07;4.73755e-07;2.49915e-07
15000;6.74752e-08;2.89686e-07;3.76255e-07;6.74496e-08;6.63378e-08;2.65826e-07;2.66378e-07;2.0461e-07;5.13793e-07;2.9682e-07
20000;8.17666e-08;3.59587e-07;5.28308e-07;7.9741e-08;7.9531e-08;3.13941e-07;2.83248e-07;2.19008e-07;4.66909e-07;3.0534e-07
1000;5.93504e-08;3.23782e-07;4.81349e-07;5.94772e-08;5.81806e-08;2.75206e-07;2.67406e-07;2.09178e-07;4.2627e-07;2.34611e-07
5000;7.51614e-08;3.69288e-07;5.21217e-07;7.19972e-08;6.6045e-08;3.16466e-07;2.70091e-07;2.12229e-07;4.66309e-07;2.41691e-07
10000;8.2278e-08;3.5647e-07;5.19596e-07;7.85364e-08;7.93826e-08;3.1442e-07;2.83798e-07;2.15774e-07;4.65117e-07;2.45551e-07
15000;6.66978e-08;2.96243e-07;3.77711e-07;6.7673e-08;6.78656e-08;2.70043e-07;2.71799e-07;2.07038e-07;5.32591e-07;2.76699e-07
20000;8.09328e-08;3.59313e-07;5.2115e-07;7.80074e-08;7.98512e-08;3.15848e-07;2.81969e-07;2.15994e-07;4.56607e-07;3.13016e-07
1000;6.03874e-08;2.98241e-07;3.89458e-07;6.041e-08;6.12444e-08;2.64147e-07;2.59168e-07;2.06852e-07;4.23832e-07;2.29291e-07
5000;1.04106e-07;3.51501e-07;5.03581e-07;7.04892e-08;6.59098e-08;2.99891e-07;2.73947e-07;2.11178e-07;4.43684e-07;2.42004e-07
10000;7.7521e-08;3.75722e-07;5.27821e-07;7.5161e-08;7.80668e-08;3.11666e-07;2.78408e-07;2.12956e-07;4.72694e-07;2.52111e-07
15000;6.98772e-08;2.98541e-07;3.80873e-07;6.85786e-08;7.15986e-08;2.7592e-07;2.73381e-07;2.08378e-07;6.47419e-07;2.80058e-07
20000;8.07434e-08;3.57269e-07;5.31585e-07;8.36422e-08;7.8199e-08;3.30039e-07;2.8257e-07;2.3901e-07;4.41995e-07;2.96901e-07
1000;5.9955e-08;3.13392e-07;4.05079e-07;5.97078e-08;6.01214e-08;2.72443e-07;2.58224e-07;2.04628e-07;4.13864e-07;2.42497e-07
5000;8.10084e-08;3.58232e-07;5.07622e-07;7.08838e-08;6.8982e-08;3.2235e-07;2.74025e-07;2.12621e-07;4.47649e-07;2.51541e-07
10000;8.3034e-08;3.98156e-07;5.28162e-07;7.4266e-08;7.66826e-08;3.15053e-07;2.75469e-07;2.2358e-07;4.6048e-07;2.45526e-07
15000;6.72524e-08;2.85741e-07;3.74226e-07;6.67824e-08;6.51278e-08;2.71837e-07;2.68129e-07;2.03465e-07;5.04841e-07;2.88313e-07
20000;8.11478e-08;3.36371e-07;5.03527e-07;7.87486e-08;7.56378e-08;3.09337e-07;2.81545e-07;2.15951e-07;4.46779e-07;3.01128e-07
1000;6.13284e-08;3.21493e-07;4.29139e-07;5.92686e-08;6.442e-08;2.68018e-07;2.61289e-07;2.06419e-07;4.43607e-07;2.33582e-07
5000;7.6344e-08;3.58238e-07;5.18858e-07;7.13708e-08;7.0363e-08;3.20771e-07;2.73568e-07;2.08479e-07;4.33535e-07;2.42246e-07
10000;7.9292e-08;3.39266e-07;5.29443e-07;7.47288e-08;7.41196e-08;3.56605e-07;2.7771e-07;2.14169e-07;5.06887e-07;2.529e-07
15000;6.70188e-08;2.8951e-07;3.7382e-07;6.62238e-08;7.1751e-08;2.86507e-07;2.6727e-07;2.04756e-07;5.26059e-07;2.83074e-07
20000;8.05418e-08;3.55211e-07;5.14304e-07;7.88428e-08;8.06494e-08;3.18542e-07;2.88804e-07;2.14212e-07;4.51156e-07;3.03544e-07
1000;6.01636e-08;3.10777e-07;4.33091e-07;5.92518e-08;7.4762e-08;2.71031e-07;2.60813e-07;2.08116e-07;4.24736e-07;2.35732e-07
5000;7.61076e-08;3.4608e-07;6.25525e-07;7.0379e-08;6.82306e-08;3.09174e-07;2.70887e-07;2.09936e-07;4.56797e-07;2.42985e-07
10000;8.19886e-08;3.3343e-07;5.21955e-07;7.65132e-08;7.6005e-08;3.0892e-07;2.77938e-07;2.16099e-07;4.70004e-07;2.41887e-07
15000;6.7519e-08;3.14046e-07;3.79134e-07;6.84592e-08;6.82388e-08;2.71744e-07;2.64298e-07;2.04132e-07;5.77809e-07;2.84786e-07
20000;8.0318e-08;3.349e-07;5.16029e-07;8.02074e-08;7.7741e-08;3.06514e-07;2.83894e-07;2.14842e-07;4.34168e-07;3.22128e-07
